Unnamed: 0,age,job,marital,education,default,balance,housing,loan,contact,day,month,duration,campaign,pdays,previous,poutcome,y
2398,51,entrepreneur,married,secondary,yes,-2082,no,yes,cellular,28,jul,123,6,-1,0,unknown,no
800,50,management,married,tertiary,no,2881,no,no,cellular,5,aug,510,2,2,5,other,no
2288,50,technician,married,secondary,no,1412,no,no,cellular,6,aug,131,3,-1,0,unknown,no
2344,37,management,married,tertiary,no,0,yes,no,unknown,3,jun,247,13,-1,0,unknown,no
3615,31,admin.,single,secondary,no,757,no,no,cellular,3,feb,343,2,-1,0,unknown,no
3548,39,admin.,married,secondary,no,-650,no,no,cellular,15,may,123,2,364,1,failure,no
1115,41,admin.,married,secondary,no,5110,yes,no,cellular,13,apr,231,1,-1,0,unknown,no
4053,31,admin.,divorced,secondary,no,360,no,no,cellular,15,may,332,1,297,2,other,no
838,31,technician,single,tertiary,no,454,no,no,cellular,4,feb,73,3,-1,0,unknown,no
4141,37,management,married,tertiary,no,0,no,no,cellular,11,mar,129,4,107,2,failure,no
1189,34,technician,single,secondary,no,201,no,no,cellular,22,jul,257,2,-1,0,unknown,no
1461,38,technician,single,tertiary,no,0,yes,no,cellular,1,jun,71,1,-1,0,unknown,no
3819,46,technician,divorced,secondary,no,-824,yes,no,cellular,7,aug,429,3,-1,0,unknown,yes
3614,71,retired,divorced,tertiary,no,261,no,no,cellular,12,aug,1117,2,-1,0,unknown,no
179,37,admin.,married,tertiary,no,0,yes,no,cellular,17,nov,65,2,119,1,failure,no
4011,41,technician,married,secondary,no,1602,yes,no,cellular,2,jun,142,1,-1,0,unknown,no
4237,33,technician,single,secondary,no,2085,no,no,cellular,9,feb,501,2,-1,0,unknown,yes
1321,40,services,married,secondary,no,17,no,no,cellular,4,jun,78,1,-1,0,unknown,no
4018,26,technician,single,secondary,no,261,yes,no,unknown,27,may,371,2,-1,0,unknown,no
2174,35,services,married,secondary,no,819,yes,no,telephone,14,jul,102,14,-1,0,unknown,no
3134,47,self-employed,divorced,secondary,no,8515,yes,no,unknown,20,nov,14,7,112,4,other,no
1878,34,technician,single,secondary,no,1386,yes,yes,unknown,28,may,185,6,-1,0,unknown,no
1485,29,technician,single,secondary,no,113,no,no,cellular,12,feb,328,2,183,4,success,yes
3963,60,unknown,married,unknown,no,7337,no,no,cellular,4,aug,122,1,-1,0,unknown,no
937,33,blue-collar,married,secondary,no,86,yes,no,unknown,19,may,364,1,-1,0,unknown,no
2401,31,management,married,tertiary,no,1750,yes,no,telephone,14,may,90,3,-1,0,unknown,no
1876,26,blue-collar,single,primary,no,-887,yes,no,cellular,18,may,827,2,-1,0,unknown,yes
415,49,management,divorced,tertiary,no,755,no,no,cellular,31,jul,1212,4,-1,0,unknown,yes
1476,29,blue-collar,single,secondary,no,9,yes,no,cellular,11,may,262,3,-1,0,unknown,no
3471,46,blue-collar,married,primary,no,1291,yes,no,cellular,14,may,142,3,259,17,failure,no
2179,51,technician,married,tertiary,no,-3,no,no,cellular,25,aug,91,9,-1,0,unknown,no
2330,26,technician,single,secondary,no,7,yes,no,cellular,22,jul,188,2,-1,0,unknown,no
2754,34,blue-collar,married,secondary,no,247,yes,yes,unknown,26,may,193,5,-1,0,unknown,no
2792,32,blue-collar,married,secondary,no,478,yes,no,unknown,3,jun,200,1,-1,0,unknown,no
29,53,admin.,married,secondary,no,105,no,yes,cellular,21,aug,74,2,-1,0,unknown,no
1222,27,admin.,single,secondary,no,15,no,yes,cellular,21,jul,177,1,-1,0,unknown,no
199,75,retired,married,secondary,no,3771,no,no,telephone,15,apr,185,1,181,2,success,yes
3462,34,blue-collar,married,secondary,no,360,yes,no,telephone,19,nov,46,1,182,2,failure,no
1583,26,blue-collar,married,secondary,no,484,yes,no,unknown,19,may,48,2,-1,0,unknown,no
3541,37,entrepreneur,married,tertiary,no,310,no,no,cellular,1,sep,76,1,-1,0,unknown,no
3707,49,technician,single,secondary,no,-97,yes,no,unknown,6,jun,92,2,-1,0,unknown,no
3303,52,services,divorced,secondary,no,238,yes,no,cellular,6,may,101,1,362,5,other,no
1181,34,services,married,secondary,no,1076,no,no,cellular,12,may,152,1,182,6,success,yes
4077,31,blue-collar,divorced,secondary,no,6,yes,no,cellular,29,jan,821,1,-1,0,unknown,no
3964,39,management,single,secondary,no,835,yes,no,unknown,29,may,587,4,-1,0,unknown,no
2916,32,admin.,single,secondary,no,10218,yes,no,cellular,19,nov,149,2,-1,0,unknown,no
3214,41,blue-collar,married,primary,no,-204,yes,yes,unknown,6,jun,42,1,-1,0,unknown,no
1610,49,blue-collar,married,primary,no,1019,yes,no,cellular,16,apr,285,5,-1,0,unknown,no
2526,39,management,single,tertiary,no,0,yes,no,cellular,16,apr,81,2,-1,0,unknown,no
1902,34,technician,single,secondary,no,318,no,yes,cellular,25,jul,239,5,-1,0,unknown,no
2873,35,management,divorced,tertiary,no,160,yes,no,unknown,4,jun,141,6,-1,0,unknown,no
1345,40,management,divorced,tertiary,no,69,yes,no,cellular,6,may,503,2,280,2,failure,no
3298,27,technician,single,tertiary,no,808,yes,no,cellular,15,may,578,1,364,1,other,no
1020,42,technician,married,secondary,no,994,yes,no,cellular,11,aug,149,1,78,5,failure,yes
1632,41,technician,married,secondary,no,55,yes,no,cellular,6,aug,185,4,-1,0,unknown,no
4374,45,services,divorced,primary,no,3854,yes,no,unknown,20,jun,10,3,-1,0,unknown,no
2481,30,management,married,tertiary,no,931,no,no,cellular,17,jul,1183,1,-1,0,unknown,no
1659,34,services,single,secondary,no,84,yes,no,unknown,23,may,299,1,-1,0,unknown,no
497,34,technician,single,secondary,no,4943,yes,yes,cellular,19,nov,117,2,-1,0,unknown,no
2606,48,technician,married,unknown,no,5543,no,no,unknown,16,jun,143,5,-1,0,unknown,no
3700,60,retired,married,primary,no,71188,no,no,cellular,6,oct,205,1,-1,0,unknown,no
798,34,student,single,unknown,no,1281,no,no,cellular,25,aug,279,1,117,1,failure,no
4020,42,management,married,secondary,yes,-34,no,no,cellular,5,feb,176,1,-1,0,unknown,no
621,30,technician,single,tertiary,no,6619,yes,no,cellular,21,aug,239,8,-1,0,unknown,no
315,30,blue-collar,married,primary,no,1317,yes,no,unknown,21,may,395,2,-1,0,unknown,no
1557,28,student,single,tertiary,no,1562,no,no,cellular,15,feb,659,4,-1,0,unknown,yes
3418,34,blue-collar,married,secondary,no,326,yes,yes,unknown,15,may,150,2,-1,0,unknown,no
3415,26,services,single,secondary,yes,-162,yes,no,cellular,15,may,44,2,-1,0,unknown,no
944,40,blue-collar,married,secondary,no,1451,no,no,cellular,1,jun,314,1,-1,0,unknown,yes
1075,26,unemployed,married,tertiary,no,454,yes,yes,unknown,23,may,28,18,-1,0,unknown,no
3063,34,blue-collar,married,secondary,no,518,yes,no,cellular,11,may,206,1,-1,0,unknown,no
157,55,technician,married,secondary,no,273,yes,no,cellular,29,jan,84,3,183,3,failure,no
1192,35,entrepreneur,single,secondary,no,475,no,yes,cellular,21,jul,936,4,-1,0,unknown,no
3787,53,blue-collar,married,secondary,no,483,yes,no,cellular,3,feb,288,3,-1,0,unknown,no
668,55,retired,divorced,secondary,no,138,no,no,cellular,17,jul,205,1,-1,0,unknown,no
1918,43,blue-collar,married,secondary,no,-179,yes,no,cellular,30,jul,335,6,-1,0,unknown,no
1161,29,unemployed,single,tertiary,no,991,no,no,cellular,5,feb,563,1,-1,0,unknown,no
2817,30,blue-collar,single,secondary,no,648,yes,yes,unknown,8,may,287,1,-1,0,unknown,no
1174,35,management,married,tertiary,no,317,yes,no,unknown,23,may,162,3,-1,0,unknown,no
3825,32,technician,married,secondary,yes,4,yes,yes,cellular,25,aug,132,8,-1,0,unknown,no
2446,30,blue-collar,married,secondary,no,-28,yes,no,cellular,18,may,284,2,371,1,failure,no
151,36,management,single,tertiary,no,442,yes,yes,cellular,29,jul,102,3,-1,0,unknown,no
1196,72,blue-collar,married,primary,no,4415,no,no,telephone,13,oct,120,1,-1,0,unknown,no
594,37,unemployed,single,tertiary,yes,0,yes,no,cellular,10,jul,108,1,-1,0,unknown,no
3907,36,management,married,tertiary,no,1318,yes,no,cellular,7,aug,100,2,-1,0,unknown,no
1730,51,management,married,tertiary,no,630,yes,no,cellular,5,may,138,1,-1,0,unknown,no
1666,32,management,married,tertiary,no,4761,yes,no,cellular,5,may,159,2,350,2,failure,no
3855,47,technician,married,secondary,no,-9,no,no,cellular,14,aug,457,2,-1,0,unknown,no
3292,28,technician,single,tertiary,no,356,no,no,cellular,2,mar,76,2,-1,0,unknown,no
2775,37,blue-collar,married,secondary,no,685,yes,no,unknown,6,jun,968,1,-1,0,unknown,no
4190,32,blue-collar,married,secondary,no,150,no,no,cellular,5,feb,210,1,-1,0,unknown,no
3013,49,technician,married,tertiary,no,523,yes,no,cellular,3,mar,152,2,-1,0,unknown,yes
3169,38,services,married,secondary,no,-314,yes,no,unknown,28,may,66,2,-1,0,unknown,no
1569,43,unknown,single,unknown,no,181,no,no,telephone,28,jan,41,1,-1,0,unknown,no
252,55,blue-collar,divorced,primary,no,410,no,yes,cellular,11,jul,221,2,-1,0,unknown,no
3929,54,housemaid,married,unknown,no,0,no,no,cellular,14,apr,94,5,145,3,other,no
1829,32,technician,married,secondary,no,253,yes,no,unknown,4,jun,257,3,-1,0,unknown,no
3166,42,blue-collar,married,primary,no,1156,yes,no,telephone,20,apr,37,1,-1,0,unknown,no
2298,39,entrepreneur,married,tertiary,no,2644,yes,no,unknown,20,may,253,1,-1,0,unknown,no
4475,43,blue-collar,married,secondary,no,1335,yes,no,unknown,6,may,371,2,-1,0,unknown,no
2086,39,blue-collar,married,primary,no,1046,no,no,unknown,19,jun,112,4,-1,0,unknown,no
2078,31,self-employed,single,secondary,no,1086,no,no,cellular,20,nov,410,1,-1,0,unknown,no
2229,42,services,divorced,secondary,no,372,yes,yes,unknown,6,may,121,2,-1,0,unknown,no
812,51,admin.,single,tertiary,no,16,yes,no,cellular,30,jan,158,1,-1,0,unknown,no
8,41,entrepreneur,married,tertiary,no,221,yes,no,unknown,14,may,57,2,-1,0,unknown,no
3116,39,self-employed,married,secondary,no,235,no,no,unknown,9,jun,217,1,-1,0,unknown,no
23,44,entrepreneur,married,secondary,no,93,no,no,cellular,7,jul,125,2,-1,0,unknown,no
3475,32,technician,single,secondary,no,0,no,no,cellular,21,aug,126,2,-1,0,unknown,no
1237,35,admin.,married,primary,no,189,yes,no,cellular,11,may,95,1,-1,0,unknown,no
1272,35,technician,divorced,secondary,no,0,no,no,cellular,25,aug,124,4,-1,0,unknown,no
350,31,blue-collar,married,secondary,no,1660,yes,no,cellular,20,apr,342,1,-1,0,unknown,no
3210,50,management,married,secondary,no,732,no,no,cellular,7,apr,736,7,-1,0,unknown,no
3740,36,blue-collar,divorced,primary,no,-308,yes,no,cellular,12,may,725,1,-1,0,unknown,yes
3531,44,management,divorced,tertiary,no,0,no,no,cellular,22,aug,54,2,-1,0,unknown,no
1187,27,technician,married,secondary,no,130,yes,no,cellular,7,may,265,3,-1,0,unknown,no
3113,36,admin.,divorced,secondary,no,-37,yes,no,unknown,27,may,151,1,-1,0,unknown,no
4511,46,blue-collar,married,secondary,no,668,yes,no,unknown,15,may,1263,2,-1,0,unknown,yes
33,32,management,single,tertiary,no,2536,yes,no,cellular,26,aug,958,6,-1,0,unknown,yes
829,35,management,single,tertiary,no,714,yes,no,cellular,26,aug,135,22,-1,0,unknown,no
996,58,management,married,secondary,no,37,no,no,cellular,18,aug,84,11,-1,0,unknown,no
2939,33,blue-collar,divorced,secondary,no,-131,yes,no,unknown,16,may,145,1,-1,0,unknown,no
1564,28,blue-collar,divorced,unknown,no,101,yes,no,unknown,28,may,126,4,-1,0,unknown,no
2954,51,services,married,secondary,no,0,no,yes,unknown,26,jun,565,3,-1,0,unknown,no
4517,57,self-employed,married,tertiary,yes,-3313,yes,yes,unknown,9,may,153,1,-1,0,unknown,no
4134,29,blue-collar,married,secondary,no,424,yes,yes,unknown,14,may,241,2,-1,0,unknown,no
2805,35,unknown,married,primary,no,634,no,no,cellular,7,jul,185,2,-1,0,unknown,no
1162,55,services,married,secondary,no,186,yes,yes,unknown,9,may,241,1,-1,0,unknown,no
3231,29,admin.,married,secondary,no,22171,yes,no,cellular,18,may,44,1,355,3,failure,no
414,53,blue-collar,married,secondary,no,4380,no,no,telephone,19,aug,223,7,-1,0,unknown,no
596,47,housemaid,married,primary,no,201,yes,no,cellular,7,aug,58,2,382,1,failure,no
1270,30,admin.,married,secondary,no,122,yes,no,unknown,16,may,107,1,-1,0,unknown,no
877,30,management,single,tertiary,no,19358,no,no,cellular,19,nov,258,2,-1,0,unknown,no
2658,56,admin.,married,secondary,no,2146,no,yes,unknown,9,jun,594,1,-1,0,unknown,no
2118,51,blue-collar,married,primary,no,3726,no,yes,cellular,27,aug,119,12,-1,0,unknown,no
3829,41,admin.,divorced,secondary,no,-365,yes,no,unknown,28,may,226,10,-1,0,unknown,no
1025,56,retired,married,secondary,no,1044,no,no,telephone,3,jul,353,2,-1,0,unknown,yes
1896,35,management,single,tertiary,no,0,no,no,cellular,29,aug,669,6,-1,0,unknown,no
3671,37,blue-collar,married,secondary,no,67,no,no,unknown,3,jun,45,2,-1,0,unknown,no
4406,35,unemployed,single,secondary,no,2116,yes,no,cellular,13,may,409,2,-1,0,unknown,no
291,47,blue-collar,married,secondary,no,480,yes,no,unknown,28,may,211,2,-1,0,unknown,no
655,59,retired,married,primary,no,0,yes,no,unknown,26,may,104,7,-1,0,unknown,no
693,53,entrepreneur,married,unknown,no,28,no,no,cellular,31,jul,117,2,-1,0,unknown,no
468,40,management,single,secondary,no,10378,yes,no,cellular,17,nov,523,3,-1,0,unknown,no
1552,33,management,single,tertiary,no,1998,no,no,cellular,19,nov,570,1,-1,0,unknown,no
2926,33,blue-collar,married,tertiary,no,1465,no,no,cellular,19,aug,98,4,-1,0,unknown,no
1393,55,retired,married,primary,no,4424,no,no,cellular,5,aug,67,4,-1,0,unknown,no
4418,43,management,married,tertiary,no,3529,yes,no,cellular,4,aug,190,3,-1,0,unknown,no
1545,56,admin.,married,secondary,no,0,yes,no,telephone,19,nov,154,2,-1,0,unknown,no
3433,58,management,married,secondary,no,139,no,no,cellular,27,may,188,1,161,2,other,no
4394,43,blue-collar,married,secondary,no,10910,yes,no,cellular,15,may,66,2,-1,0,unknown,no
1123,35,technician,married,tertiary,no,188,no,no,cellular,26,aug,286,2,-1,0,unknown,no
1392,52,blue-collar,married,secondary,no,-98,yes,no,unknown,7,may,423,1,-1,0,unknown,no
3036,73,retired,married,primary,no,279,no,no,cellular,28,jan,399,3,-1,0,unknown,yes
3920,42,technician,married,secondary,no,613,yes,no,cellular,11,may,432,2,-1,0,unknown,no
721,31,technician,single,tertiary,no,-162,yes,no,cellular,18,may,380,1,-1,0,unknown,no
2066,56,management,divorced,tertiary,no,2959,yes,no,telephone,18,may,325,1,-1,0,unknown,no
238,57,housemaid,married,primary,no,7082,no,no,unknown,6,jun,69,3,-1,0,unknown,no
1586,42,management,single,tertiary,no,100,no,no,cellular,7,aug,64,2,-1,0,unknown,no
296,29,management,married,tertiary,no,451,no,no,cellular,28,jan,451,1,-1,0,unknown,no
109,27,housemaid,married,primary,no,0,yes,no,cellular,23,jul,435,3,-1,0,unknown,no
2314,54,blue-collar,divorced,primary,no,-182,no,no,cellular,9,jul,98,1,-1,0,unknown,no
2750,36,entrepreneur,married,tertiary,no,6,no,no,telephone,30,oct,246,1,-1,0,unknown,no
759,42,entrepreneur,married,tertiary,no,233,no,no,cellular,5,feb,446,1,-1,0,unknown,no
1041,39,admin.,divorced,secondary,no,2903,yes,yes,telephone,25,jul,259,2,-1,0,unknown,no
843,59,management,single,secondary,no,671,yes,yes,cellular,29,jan,219,2,259,5,failure,no
297,45,blue-collar,divorced,primary,no,-311,yes,no,unknown,23,may,1030,1,-1,0,unknown,yes
4196,48,blue-collar,married,secondary,no,480,yes,no,cellular,15,may,830,1,352,2,failure,yes
486,55,services,divorced,secondary,yes,-404,yes,no,cellular,22,jul,502,3,-1,0,unknown,no
4193,48,services,divorced,secondary,no,3186,no,yes,cellular,9,apr,104,1,-1,0,unknown,no
51,37,technician,single,secondary,no,228,yes,no,cellular,20,aug,1740,2,-1,0,unknown,no
2155,34,self-employed,married,primary,no,712,yes,no,unknown,2,jun,326,3,-1,0,unknown,no
3527,33,services,divorced,secondary,no,2411,yes,no,cellular,23,oct,130,1,161,1,failure,yes
1909,33,technician,married,tertiary,no,75,no,no,cellular,21,jul,204,4,-1,0,unknown,no
3601,39,blue-collar,married,secondary,no,293,yes,no,unknown,23,may,160,3,-1,0,unknown,no
2654,36,management,married,tertiary,no,1133,yes,no,cellular,4,aug,293,1,181,2,other,yes
1553,34,blue-collar,married,secondary,no,3990,yes,no,cellular,24,jul,633,7,-1,0,unknown,no
3066,34,blue-collar,married,secondary,no,856,yes,no,cellular,20,apr,470,1,150,5,other,no
26,55,blue-collar,married,primary,no,627,yes,no,unknown,5,may,247,1,-1,0,unknown,no
2639,50,management,married,tertiary,no,1240,no,no,cellular,12,aug,474,2,-1,0,unknown,no
2440,49,technician,divorced,tertiary,no,0,yes,no,cellular,12,jun,177,3,-1,0,unknown,no
3201,58,retired,married,secondary,no,764,no,no,cellular,12,aug,219,4,-1,0,unknown,no
4464,53,services,divorced,secondary,no,4554,no,no,cellular,5,feb,8,6,-1,0,unknown,no
3942,49,management,married,primary,no,3371,no,no,cellular,11,nov,269,2,-1,0,unknown,yes
3048,35,services,single,secondary,no,414,yes,no,cellular,20,apr,11,5,319,2,other,no
2153,43,blue-collar,married,primary,no,255,yes,no,cellular,17,jul,180,1,-1,0,unknown,no
1612,29,management,divorced,tertiary,no,415,yes,yes,unknown,28,may,449,4,-1,0,unknown,no
1747,38,management,married,tertiary,no,-469,yes,no,unknown,16,jun,209,12,-1,0,unknown,no
4293,33,blue-collar,single,secondary,no,1925,yes,no,cellular,2,mar,76,2,-1,0,unknown,no
132,43,blue-collar,married,unknown,yes,-715,yes,no,unknown,30,may,67,3,-1,0,unknown,no
1183,32,self-employed,married,secondary,no,-33,yes,no,unknown,28,may,234,3,-1,0,unknown,no
4007,34,entrepreneur,married,tertiary,no,105,yes,no,unknown,28,may,249,2,-1,0,unknown,no
3017,34,blue-collar,married,primary,no,351,no,yes,cellular,14,jul,326,11,-1,0,unknown,no
3407,40,management,divorced,tertiary,no,502,yes,no,cellular,3,feb,267,4,270,3,other,no
4211,27,blue-collar,single,secondary,no,3792,no,no,cellular,22,apr,279,2,-1,0,unknown,yes
120,31,admin.,divorced,secondary,no,1890,yes,no,cellular,21,jul,588,1,-1,0,unknown,no
2989,42,entrepreneur,married,tertiary,no,42045,no,no,cellular,8,aug,205,2,-1,0,unknown,no
2528,33,blue-collar,married,secondary,no,745,yes,no,unknown,23,may,115,4,-1,0,unknown,no
1777,43,management,married,unknown,no,5172,yes,no,unknown,29,may,57,3,-1,0,unknown,no
2195,23,entrepreneur,single,primary,no,4,yes,no,unknown,13,may,395,2,-1,0,unknown,yes
1497,55,retired,married,tertiary,no,197,no,yes,cellular,8,jul,256,1,-1,0,unknown,no
2222,34,admin.,married,secondary,no,475,yes,no,unknown,7,may,559,1,-1,0,unknown,no
1965,40,management,single,tertiary,no,0,no,no,cellular,26,aug,58,7,-1,0,unknown,no
429,40,management,married,tertiary,no,542,yes,no,cellular,20,nov,1816,1,-1,0,unknown,no
1684,42,blue-collar,single,primary,no,1322,yes,yes,cellular,8,jul,178,1,-1,0,unknown,no
134,27,technician,single,secondary,no,769,yes,no,unknown,9,may,317,2,-1,0,unknown,no
2293,34,entrepreneur,married,secondary,no,2,yes,yes,cellular,5,may,184,1,167,6,failure,no
4309,40,services,single,secondary,no,1547,yes,no,cellular,12,may,88,2,173,1,success,no
544,49,admin.,married,secondary,no,2465,no,no,cellular,20,aug,157,3,-1,0,unknown,no
2583,52,technician,married,tertiary,no,2557,no,no,cellular,28,jan,134,5,204,2,success,yes
4476,42,management,married,tertiary,no,603,yes,no,cellular,5,nov,298,5,-1,0,unknown,no
465,59,housemaid,married,secondary,no,0,no,no,telephone,3,feb,722,1,99,4,failure,no
463,35,blue-collar,divorced,secondary,no,3102,yes,no,cellular,20,nov,138,1,-1,0,unknown,no
4449,31,self-employed,single,secondary,no,360,yes,no,unknown,26,may,592,4,-1,0,unknown,no
17,37,admin.,single,tertiary,no,2317,yes,no,cellular,20,apr,114,1,152,2,failure,no
2207,29,admin.,single,secondary,no,1117,yes,no,unknown,8,may,77,2,-1,0,unknown,no
457,25,services,single,secondary,no,402,no,yes,cellular,7,jul,264,1,-1,0,unknown,no
625,36,technician,married,secondary,no,146,yes,yes,unknown,15,may,284,2,-1,0,unknown,no
3892,35,admin.,divorced,tertiary,no,1555,yes,no,unknown,9,may,26,2,-1,0,unknown,no
4235,44,management,single,tertiary,no,1424,yes,no,cellular,8,aug,201,2,-1,0,unknown,no
1615,34,management,married,tertiary,no,417,yes,no,cellular,18,nov,138,1,-1,0,unknown,no
2501,59,retired,married,secondary,no,9976,yes,no,unknown,29,may,57,2,-1,0,unknown,no
298,38,entrepreneur,married,secondary,no,593,yes,yes,cellular,24,jul,1484,24,-1,0,unknown,yes
122,32,technician,married,secondary,no,2693,yes,no,unknown,21,may,16,1,-1,0,unknown,no
240,34,admin.,single,secondary,no,1,yes,no,cellular,22,jul,483,7,-1,0,unknown,no
3569,50,management,married,tertiary,no,78,yes,no,cellular,14,jan,218,3,161,9,other,no
670,40,blue-collar,married,secondary,no,11084,no,no,unknown,11,jun,113,1,-1,0,unknown,no
2378,39,blue-collar,married,secondary,no,1439,yes,no,telephone,28,jul,73,6,-1,0,unknown,no
561,28,student,single,secondary,no,11555,no,no,cellular,8,apr,125,2,-1,0,unknown,no
2994,41,management,married,tertiary,no,140,yes,no,unknown,5,jun,65,3,-1,0,unknown,no
3697,57,admin.,divorced,primary,no,179,yes,no,cellular,15,may,67,1,368,2,failure,no
3161,24,technician,married,secondary,no,556,yes,no,cellular,18,aug,460,2,-1,0,unknown,yes
1973,59,blue-collar,married,unknown,no,139,no,no,unknown,5,jun,153,1,-1,0,unknown,no
3612,50,management,divorced,tertiary,no,356,no,no,cellular,8,may,198,2,358,5,other,no
2889,56,unemployed,divorced,primary,no,109,no,no,cellular,15,jul,924,4,-1,0,unknown,no
2159,33,services,married,secondary,no,386,no,no,cellular,12,nov,253,1,92,4,failure,yes
4062,43,management,single,secondary,no,109,yes,no,unknown,27,may,64,3,-1,0,unknown,no
869,56,technician,married,secondary,no,150,yes,yes,cellular,11,may,102,6,349,1,failure,no
416,31,services,single,secondary,no,2070,no,no,cellular,29,aug,319,2,-1,0,unknown,no
274,35,blue-collar,single,tertiary,no,0,yes,no,cellular,21,jul,262,4,-1,0,unknown,no
3326,60,blue-collar,married,primary,no,1472,no,no,unknown,20,jun,36,4,-1,0,unknown,no
3713,32,blue-collar,married,secondary,no,119,no,no,cellular,4,may,20,5,-1,0,unknown,no
3076,33,blue-collar,married,primary,no,925,no,no,cellular,20,nov,884,3,-1,0,unknown,no
1149,59,retired,married,secondary,no,1173,no,no,unknown,9,jun,77,2,-1,0,unknown,no
2423,37,entrepreneur,single,secondary,no,654,no,no,unknown,19,may,594,2,-1,0,unknown,no
4289,56,admin.,married,secondary,no,1504,yes,no,unknown,29,may,66,2,-1,0,unknown,no
3796,66,retired,married,primary,no,206,no,no,cellular,9,feb,479,1,-1,0,unknown,yes
584,52,technician,married,secondary,no,192,yes,no,cellular,23,jul,61,2,-1,0,unknown,no
3405,55,admin.,married,secondary,no,1102,yes,no,unknown,15,may,126,2,-1,0,unknown,no
3381,34,admin.,married,secondary,no,645,yes,no,unknown,19,may,420,1,-1,0,unknown,no
3468,38,blue-collar,divorced,secondary,no,889,no,yes,unknown,18,jun,362,1,-1,0,unknown,no
4208,39,technician,married,secondary,no,626,yes,no,cellular,11,may,126,2,-1,0,unknown,no
3889,47,management,single,tertiary,no,4402,no,no,telephone,10,dec,805,1,190,1,other,yes
443,30,management,married,tertiary,no,1221,yes,no,telephone,25,jul,279,4,-1,0,unknown,yes
2067,41,housemaid,divorced,primary,no,22,yes,no,cellular,18,nov,238,3,126,4,other,no
3206,60,housemaid,married,primary,no,0,no,yes,telephone,22,jul,124,1,-1,0,unknown,no
1578,40,management,married,tertiary,no,1041,yes,no,unknown,12,jun,73,1,-1,0,unknown,no
1315,49,blue-collar,married,tertiary,no,1784,no,no,unknown,12,jun,753,1,-1,0,unknown,no
1647,30,management,married,tertiary,no,0,yes,no,cellular,9,jul,127,1,-1,0,unknown,no
1510,45,technician,married,secondary,no,1415,yes,no,cellular,17,nov,483,1,116,1,failure,no
1108,43,management,single,tertiary,no,146,no,no,cellular,21,nov,50,1,113,5,other,no
555,37,admin.,married,secondary,no,1314,yes,no,cellular,8,may,682,2,85,7,success,no
3042,49,housemaid,married,tertiary,no,443,no,no,cellular,8,aug,27,6,-1,0,unknown,no
93,32,management,single,tertiary,no,3616,no,no,cellular,14,aug,165,2,-1,0,unknown,no
3355,49,blue-collar,married,primary,no,937,yes,no,unknown,12,jun,66,1,-1,0,unknown,no
833,38,admin.,married,secondary,no,3190,yes,no,unknown,20,jun,20,2,-1,0,unknown,no
3095,52,services,single,secondary,no,1810,no,no,telephone,19,nov,117,1,-1,0,unknown,no
4500,38,admin.,married,secondary,no,4196,yes,no,cellular,12,may,193,2,-1,0,unknown,no
4486,37,blue-collar,married,primary,no,378,yes,no,unknown,9,may,514,1,-1,0,unknown,no
911,59,retired,married,primary,no,1427,no,no,unknown,18,jun,140,2,-1,0,unknown,no
3286,30,blue-collar,single,primary,no,71,yes,no,unknown,19,may,122,6,-1,0,unknown,no
4509,51,technician,married,tertiary,no,2506,no,no,cellular,30,nov,210,3,-1,0,unknown,no
4169,35,services,divorced,secondary,no,221,yes,no,cellular,14,may,150,1,360,1,failure,no
856,49,technician,married,secondary,yes,-1680,yes,yes,unknown,27,jun,92,4,-1,0,unknown,no
3721,35,admin.,married,secondary,yes,0,no,yes,unknown,4,jul,105,3,-1,0,unknown,no
3718,40,services,divorced,unknown,no,4384,yes,no,unknown,5,may,315,1,-1,0,unknown,no
2091,54,services,married,secondary,no,-22,no,yes,cellular,9,jul,85,1,-1,0,unknown,no
2305,34,services,divorced,secondary,no,202,yes,no,unknown,15,may,318,1,-1,0,unknown,no
949,33,management,divorced,secondary,no,106,no,no,cellular,20,aug,175,3,-1,0,unknown,no
945,41,technician,married,secondary,no,1066,no,no,cellular,11,feb,109,3,-1,0,unknown,yes
438,36,management,married,secondary,no,644,yes,no,cellular,18,nov,54,2,-1,0,unknown,no
3312,37,management,divorced,secondary,no,1287,yes,no,cellular,14,may,432,1,-1,0,unknown,no
2617,41,services,married,secondary,no,171,no,no,cellular,21,jul,71,9,-1,0,unknown,no
1260,33,services,single,secondary,no,-56,no,yes,cellular,10,jul,119,5,-1,0,unknown,no
2971,37,blue-collar,married,secondary,no,346,yes,no,cellular,17,apr,390,1,316,1,failure,no
598,60,retired,divorced,unknown,no,-49,yes,no,cellular,29,jan,188,1,261,2,failure,no
478,35,services,married,secondary,no,1453,yes,no,unknown,28,may,199,1,-1,0,unknown,no
2688,27,services,married,secondary,no,-1202,yes,no,unknown,4,jun,749,2,-1,0,unknown,no
3759,58,services,married,primary,no,65,no,no,unknown,27,jun,162,1,-1,0,unknown,no
177,37,admin.,married,secondary,no,176,yes,no,cellular,5,may,147,2,347,1,failure,no
1910,54,retired,married,secondary,no,1139,yes,no,cellular,14,may,155,1,177,7,failure,no
1623,47,blue-collar,married,primary,no,3451,no,yes,cellular,21,nov,125,2,-1,0,unknown,no
144,42,admin.,married,secondary,no,323,yes,yes,unknown,8,may,280,2,-1,0,unknown,no
3402,32,management,single,tertiary,no,131,no,no,unknown,3,jun,267,3,-1,0,unknown,no
175,43,admin.,married,secondary,no,-465,yes,yes,cellular,23,jul,166,1,-1,0,unknown,no
3245,39,admin.,single,tertiary,no,2600,yes,no,unknown,17,jun,77,1,-1,0,unknown,no
287,27,self-employed,married,secondary,no,-220,yes,no,unknown,26,may,138,2,-1,0,unknown,no
4307,27,admin.,married,secondary,no,186,yes,no,unknown,27,may,136,2,-1,0,unknown,no
45,34,management,single,tertiary,no,872,yes,no,unknown,7,may,105,2,-1,0,unknown,no
2277,38,technician,married,secondary,no,1931,no,no,cellular,2,jun,167,1,298,10,other,no
2759,34,blue-collar,married,secondary,no,1221,yes,no,cellular,6,may,182,1,90,8,failure,no
1675,34,blue-collar,married,primary,no,1666,yes,no,unknown,31,mar,30,1,-1,0,unknown,no
1736,40,admin.,single,secondary,no,100,yes,no,cellular,11,aug,221,1,461,1,success,yes
1090,31,blue-collar,single,primary,no,-502,yes,no,unknown,29,may,76,4,-1,0,unknown,no
2019,51,blue-collar,married,primary,no,42,yes,no,cellular,12,may,51,2,342,3,failure,no
1487,33,entrepreneur,married,primary,no,82,yes,no,cellular,18,nov,63,2,-1,0,unknown,no
1288,42,blue-collar,married,secondary,no,-921,yes,no,unknown,26,may,115,2,-1,0,unknown,no
3380,33,blue-collar,single,secondary,no,142,yes,no,cellular,14,may,123,1,360,3,other,no
1770,38,blue-collar,single,secondary,no,-1,yes,no,unknown,7,may,72,1,-1,0,unknown,no
1051,38,blue-collar,married,secondary,no,-388,yes,no,unknown,9,may,412,1,-1,0,unknown,no
879,28,technician,single,tertiary,no,183,yes,yes,unknown,28,may,62,2,-1,0,unknown,no
3033,50,technician,divorced,secondary,no,-54,yes,yes,cellular,13,may,698,2,292,1,failure,yes
4440,45,blue-collar,married,primary,no,13117,no,no,unknown,11,jun,42,2,-1,0,unknown,no
1220,33,admin.,married,tertiary,no,640,no,no,cellular,24,jul,318,1,-1,0,unknown,no
149,37,technician,single,unknown,no,391,yes,no,unknown,8,may,103,3,-1,0,unknown,no
3876,32,blue-collar,single,secondary,no,1670,yes,no,cellular,18,may,183,1,-1,0,unknown,no
4100,34,management,married,tertiary,no,436,yes,no,cellular,17,apr,28,1,345,1,failure,no
2347,35,management,single,tertiary,no,71,yes,no,unknown,21,may,836,12,-1,0,unknown,no
2834,59,housemaid,married,primary,no,235,no,no,cellular,13,aug,119,2,-1,0,unknown,no
746,41,technician,single,secondary,no,-41,yes,yes,cellular,3,apr,154,1,-1,0,unknown,no
1175,60,housemaid,married,primary,no,517,no,no,unknown,12,jun,1178,3,-1,0,unknown,no
1281,40,entrepreneur,married,primary,no,0,yes,no,cellular,11,jul,271,2,-1,0,unknown,no
4248,36,blue-collar,married,primary,no,398,yes,no,unknown,12,jun,278,1,-1,0,unknown,no
3674,39,management,single,tertiary,no,0,yes,no,cellular,12,may,561,4,369,3,failure,no
789,37,blue-collar,divorced,primary,no,511,yes,no,telephone,11,may,42,1,-1,0,unknown,no
3711,46,blue-collar,married,secondary,no,781,no,no,unknown,13,may,152,1,-1,0,unknown,no
1846,51,self-employed,married,secondary,no,95,yes,no,cellular,23,jul,1309,4,-1,0,unknown,yes
3603,44,blue-collar,married,secondary,no,16178,yes,no,cellular,21,nov,297,1,-1,0,unknown,no
4132,37,technician,married,secondary,no,1063,yes,no,cellular,31,jul,413,2,-1,0,unknown,no
4423,45,management,single,tertiary,no,2048,yes,no,cellular,18,oct,310,1,804,1,failure,yes
1257,51,blue-collar,married,primary,no,5050,no,yes,unknown,16,jun,75,7,-1,0,unknown,no
322,60,self-employed,single,tertiary,no,179,no,yes,cellular,29,jul,79,4,-1,0,unknown,no
2877,49,admin.,married,primary,no,169,yes,no,cellular,15,may,82,3,-1,0,unknown,no
308,35,management,married,tertiary,no,4286,yes,no,unknown,9,may,357,1,-1,0,unknown,no
1598,48,services,single,primary,no,1499,yes,no,cellular,12,may,17,7,-1,0,unknown,no
881,31,technician,single,secondary,no,102,yes,no,telephone,17,apr,460,2,345,2,failure,no
3811,26,management,divorced,tertiary,yes,-402,no,yes,unknown,12,may,127,2,-1,0,unknown,no
1052,30,admin.,married,secondary,no,11,yes,no,cellular,11,may,157,1,-1,0,unknown,no
2210,34,entrepreneur,married,tertiary,no,4343,no,no,unknown,9,jun,85,4,-1,0,unknown,no
19,31,services,married,secondary,no,132,no,no,cellular,7,jul,148,1,152,1,other,no
2943,36,blue-collar,married,secondary,no,688,yes,no,unknown,6,may,174,2,-1,0,unknown,no
471,55,self-employed,married,secondary,no,-196,yes,no,unknown,20,may,210,2,-1,0,unknown,no
1729,53,admin.,single,secondary,no,2398,yes,no,cellular,2,aug,317,1,180,2,failure,yes
4275,53,management,married,tertiary,no,15,no,no,cellular,20,aug,921,2,-1,0,unknown,yes
3893,40,blue-collar,married,secondary,no,61,yes,no,unknown,7,may,112,3,-1,0,unknown,no
969,55,blue-collar,married,primary,no,3873,no,no,telephone,21,apr,222,1,-1,0,unknown,no
3329,34,management,divorced,tertiary,no,13204,yes,yes,cellular,20,nov,197,2,-1,0,unknown,no
842,40,services,divorced,secondary,no,1927,yes,no,unknown,15,may,62,1,-1,0,unknown,no
2377,35,technician,single,secondary,no,2,no,no,cellular,11,aug,239,4,-1,0,unknown,no
538,40,technician,married,tertiary,no,0,no,no,cellular,19,aug,44,1,-1,0,unknown,no
3010,29,technician,single,tertiary,no,0,yes,no,unknown,7,may,104,2,-1,0,unknown,no
2284,43,blue-collar,married,secondary,no,3060,yes,no,unknown,15,may,253,2,-1,0,unknown,no
290,50,blue-collar,married,primary,no,4108,yes,no,cellular,7,aug,526,2,-1,0,unknown,yes
2464,23,technician,single,tertiary,no,1129,yes,no,unknown,28,may,806,1,-1,0,unknown,yes
4320,22,technician,single,secondary,no,333,no,yes,telephone,12,nov,129,1,-1,0,unknown,no
4498,31,management,married,tertiary,no,1183,yes,no,unknown,27,may,676,6,-1,0,unknown,no
70,37,management,married,tertiary,no,0,no,no,cellular,16,jul,268,2,182,3,success,yes
1507,40,management,married,tertiary,no,-7,no,yes,telephone,25,jul,697,1,-1,0,unknown,no
1001,31,technician,single,tertiary,no,438,yes,no,cellular,12,aug,130,2,-1,0,unknown,no
2093,47,technician,married,secondary,no,72,no,no,unknown,29,may,278,1,-1,0,unknown,no
626,33,management,single,tertiary,no,9449,yes,no,cellular,8,may,428,1,-1,0,unknown,no
1340,48,technician,married,secondary,no,127,no,yes,cellular,7,aug,524,5,-1,0,unknown,no
2949,46,blue-collar,married,primary,no,147,yes,no,cellular,6,may,116,2,169,3,failure,no
2460,26,blue-collar,single,primary,no,155,yes,no,cellular,29,jan,291,1,244,4,failure,no
999,20,student,single,secondary,no,291,no,no,telephone,11,may,172,5,371,5,failure,no
3597,45,housemaid,married,primary,no,4994,no,no,unknown,20,jun,48,1,-1,0,unknown,no
1158,38,management,single,tertiary,no,1373,no,no,cellular,22,oct,119,4,-1,0,unknown,no
3903,56,blue-collar,married,primary,no,420,yes,no,unknown,9,may,76,1,-1,0,unknown,no
3895,31,technician,married,secondary,no,3706,yes,no,cellular,20,nov,129,1,-1,0,unknown,no
810,46,blue-collar,married,secondary,no,-216,yes,no,cellular,28,jul,404,3,-1,0,unknown,no
61,63,retired,married,secondary,no,415,yes,no,cellular,7,oct,323,1,-1,0,unknown,no
802,40,management,married,secondary,no,643,yes,no,cellular,17,apr,74,2,256,1,failure,no
1813,46,management,married,tertiary,no,1375,yes,no,cellular,17,nov,308,3,-1,0,unknown,no
751,46,admin.,married,secondary,no,3098,yes,no,telephone,21,nov,192,9,-1,0,unknown,no
3818,53,services,divorced,secondary,no,765,yes,no,cellular,14,may,959,3,174,7,other,yes
318,35,entrepreneur,married,secondary,no,2971,no,no,cellular,4,may,429,4,164,2,failure,yes
4089,32,blue-collar,married,secondary,yes,-53,yes,no,cellular,16,apr,648,1,272,1,other,yes
1921,43,technician,married,secondary,no,434,yes,no,unknown,5,may,117,1,-1,0,unknown,no
2784,35,technician,single,secondary,no,5731,yes,no,cellular,4,may,164,2,167,4,other,no
691,22,student,single,tertiary,no,1161,no,yes,cellular,16,jun,119,1,-1,0,unknown,no
3897,53,management,married,primary,no,2096,no,no,unknown,9,jun,104,1,-1,0,unknown,no
1957,30,technician,single,tertiary,no,799,yes,yes,unknown,6,jun,91,18,-1,0,unknown,no
731,48,blue-collar,married,primary,no,1092,no,yes,cellular,18,nov,79,1,172,8,failure,no
2561,35,admin.,married,secondary,no,0,yes,no,cellular,20,apr,18,5,-1,0,unknown,no
214,31,management,married,tertiary,yes,-253,no,no,cellular,12,aug,220,4,-1,0,unknown,no
805,41,technician,married,secondary,no,2125,yes,yes,cellular,21,nov,285,3,116,4,failure,no
1616,60,retired,married,primary,no,71,no,no,cellular,10,jul,121,3,-1,0,unknown,no
734,28,admin.,single,secondary,no,26,yes,no,cellular,7,may,227,2,-1,0,unknown,no
642,53,admin.,single,secondary,no,1178,yes,no,unknown,15,may,295,2,-1,0,unknown,no
4520,44,entrepreneur,single,tertiary,no,1136,yes,yes,cellular,3,apr,345,2,249,7,other,no
1061,49,services,married,secondary,no,1122,no,no,cellular,4,aug,143,1,-1,0,unknown,no
2991,37,management,divorced,tertiary,no,0,yes,no,cellular,11,may,217,6,-1,0,unknown,no
3477,55,technician,married,unknown,no,574,yes,no,cellular,29,jan,243,2,-1,0,unknown,no
196,27,blue-collar,single,secondary,no,5563,yes,no,unknown,30,may,435,2,-1,0,unknown,no
2103,39,services,married,secondary,no,1970,yes,no,unknown,8,jun,30,1,404,2,success,no
4308,44,technician,married,secondary,no,5597,no,no,unknown,20,jun,27,3,-1,0,unknown,no
3412,45,admin.,married,secondary,no,72,yes,yes,cellular,15,may,262,2,352,2,failure,no
3850,51,blue-collar,married,primary,no,377,yes,no,telephone,3,feb,143,4,272,1,failure,no
3712,49,blue-collar,married,primary,no,1032,yes,no,unknown,2,jun,41,5,-1,0,unknown,no
1697,34,blue-collar,married,secondary,no,7,yes,yes,cellular,2,feb,171,2,193,2,other,no
4284,54,self-employed,married,secondary,no,641,yes,no,cellular,17,apr,472,1,148,2,failure,no
1784,50,blue-collar,married,secondary,no,810,yes,no,unknown,14,may,19,14,-1,0,unknown,no
3879,25,admin.,single,tertiary,no,1420,no,no,cellular,8,apr,124,2,-1,0,unknown,no
3774,34,blue-collar,married,secondary,no,1298,yes,no,unknown,20,may,120,1,-1,0,unknown,no
1436,34,entrepreneur,married,tertiary,no,-28,yes,no,cellular,16,jul,574,1,-1,0,unknown,no
2392,31,management,married,tertiary,no,1343,yes,yes,unknown,21,may,85,1,-1,0,unknown,no
4253,35,management,married,tertiary,no,3161,no,no,cellular,8,aug,433,2,-1,0,unknown,no
96,41,admin.,married,tertiary,no,5426,yes,no,unknown,14,may,149,2,-1,0,unknown,no
2527,36,services,single,secondary,no,398,yes,yes,unknown,17,jun,77,2,-1,0,unknown,no
2952,37,admin.,married,secondary,no,1123,no,yes,unknown,28,may,138,1,-1,0,unknown,no
139,60,management,married,unknown,no,6313,no,no,unknown,19,jun,39,2,-1,0,unknown,no
2663,56,entrepreneur,married,unknown,no,575,no,no,unknown,20,jun,18,2,-1,0,unknown,no
2984,41,admin.,single,tertiary,no,982,no,no,cellular,23,jul,105,1,-1,0,unknown,no
718,40,blue-collar,married,secondary,no,498,yes,no,cellular,8,may,55,2,298,4,failure,no
1732,48,management,married,primary,no,1910,yes,no,unknown,29,may,413,2,-1,0,unknown,no
3685,33,management,single,tertiary,no,-67,yes,no,unknown,5,may,364,1,-1,0,unknown,no
3749,37,management,married,tertiary,no,410,no,no,cellular,29,jan,337,2,-1,0,unknown,no
1936,37,management,single,tertiary,no,695,no,no,cellular,28,jan,233,1,-1,0,unknown,no
4514,38,blue-collar,married,secondary,no,1205,yes,no,cellular,20,apr,45,4,153,1,failure,no
1877,40,services,married,secondary,no,4157,yes,no,unknown,15,may,735,1,-1,0,unknown,no
1055,36,management,single,tertiary,no,3343,no,no,cellular,18,nov,307,1,-1,0,unknown,no
2706,41,management,married,unknown,no,2457,yes,no,unknown,9,may,285,1,-1,0,unknown,no
3321,35,blue-collar,divorced,primary,no,1792,yes,no,cellular,31,jul,630,6,-1,0,unknown,yes
534,29,blue-collar,married,secondary,no,15,no,no,cellular,3,jun,136,1,-1,0,unknown,no
4076,53,blue-collar,married,primary,no,53,yes,no,cellular,7,apr,208,1,140,1,failure,no
1068,39,admin.,single,secondary,no,14,yes,yes,unknown,13,may,19,9,-1,0,unknown,no
1532,33,technician,married,secondary,no,133,no,no,cellular,4,may,218,1,-1,0,unknown,yes
4518,57,technician,married,secondary,no,295,no,no,cellular,19,aug,151,11,-1,0,unknown,no
3252,38,management,married,tertiary,no,2278,yes,yes,cellular,13,may,244,1,-1,0,unknown,no
505,31,unemployed,married,secondary,no,296,yes,no,unknown,20,may,378,3,-1,0,unknown,no
1740,35,admin.,married,tertiary,no,0,yes,no,cellular,28,jul,151,7,-1,0,unknown,no
4242,34,blue-collar,married,secondary,no,584,yes,no,cellular,18,jul,154,2,-1,0,unknown,no
1723,45,blue-collar,married,primary,no,97,yes,no,unknown,7,may,923,3,-1,0,unknown,no
2380,32,technician,single,secondary,no,6402,yes,no,cellular,6,may,158,1,167,1,success,no
150,41,entrepreneur,married,unknown,no,89,yes,no,unknown,6,may,333,2,-1,0,unknown,no
4276,35,admin.,married,secondary,no,147,yes,yes,cellular,29,jan,41,1,184,7,failure,no
3575,51,self-employed,married,primary,no,307,yes,yes,unknown,17,jun,65,2,-1,0,unknown,no
3988,57,admin.,married,secondary,no,-967,yes,no,telephone,15,may,8,7,-1,0,unknown,no
3384,35,admin.,single,secondary,no,847,yes,no,cellular,11,may,85,2,-1,0,unknown,no
3339,34,blue-collar,divorced,secondary,no,0,no,yes,unknown,21,may,339,1,-1,0,unknown,no
1483,43,technician,single,tertiary,no,27733,yes,no,unknown,3,jun,164,7,-1,0,unknown,no
3980,45,blue-collar,married,secondary,no,784,yes,yes,unknown,3,jun,34,1,-1,0,unknown,no
203,39,management,divorced,tertiary,no,1315,yes,no,cellular,19,nov,1337,4,126,1,failure,no
2689,30,management,single,tertiary,no,4213,no,no,cellular,25,aug,142,4,-1,0,unknown,no
1102,48,management,married,tertiary,no,7289,yes,no,cellular,2,feb,316,3,-1,0,unknown,no
239,51,unemployed,married,tertiary,no,1634,yes,no,cellular,22,jul,168,4,-1,0,unknown,no
2387,57,blue-collar,married,primary,no,23,yes,no,telephone,31,jul,25,8,-1,0,unknown,no
3200,24,student,single,unknown,no,3298,yes,no,unknown,28,may,227,1,-1,0,unknown,no
2307,47,management,divorced,tertiary,no,2515,no,no,unknown,20,jun,40,3,-1,0,unknown,no
3315,33,admin.,married,tertiary,no,79,yes,no,cellular,22,oct,249,2,335,2,failure,yes
4133,30,management,married,secondary,no,0,yes,no,cellular,12,may,756,3,-1,0,unknown,no
2835,37,management,married,tertiary,no,489,yes,no,cellular,7,aug,205,5,-1,0,unknown,no
4377,31,blue-collar,married,secondary,no,-617,yes,no,unknown,2,jun,115,2,-1,0,unknown,no
1672,47,services,single,unknown,no,1784,no,no,cellular,19,oct,385,2,-1,0,unknown,yes
376,40,management,married,primary,no,733,yes,no,unknown,6,jun,94,7,-1,0,unknown,no
1302,46,blue-collar,married,secondary,no,494,yes,no,unknown,26,may,724,1,-1,0,unknown,no
3052,40,housemaid,married,secondary,no,4610,no,no,cellular,14,aug,154,2,-1,0,unknown,no
2840,55,services,married,secondary,no,557,no,no,unknown,19,jun,58,1,-1,0,unknown,no
1652,23,technician,single,secondary,no,-306,yes,no,unknown,4,jun,217,2,-1,0,unknown,no
3808,25,technician,single,secondary,no,2157,yes,no,cellular,21,jul,339,1,-1,0,unknown,no
387,48,technician,married,secondary,no,302,yes,no,unknown,26,may,208,3,-1,0,unknown,no
3333,33,admin.,married,secondary,no,0,yes,no,telephone,17,jul,1448,7,-1,0,unknown,yes
1361,27,admin.,single,tertiary,no,73,no,no,cellular,29,jan,242,1,-1,0,unknown,no
530,32,services,single,secondary,no,182,yes,no,cellular,6,may,145,1,-1,0,unknown,no
3390,42,entrepreneur,married,primary,yes,66,yes,yes,cellular,6,feb,139,1,-1,0,unknown,no
3616,45,management,single,tertiary,no,16,no,no,cellular,31,jul,59,2,-1,0,unknown,no
2059,34,blue-collar,married,secondary,no,1412,yes,yes,unknown,27,may,157,2,-1,0,unknown,no
3361,53,technician,married,primary,no,6839,yes,no,cellular,19,nov,77,1,-1,0,unknown,no
1429,43,blue-collar,married,primary,no,7343,yes,no,unknown,2,jun,217,4,-1,0,unknown,no
371,60,retired,married,primary,no,55,no,no,cellular,4,jun,207,1,-1,0,unknown,no
1717,35,admin.,single,tertiary,no,62,no,yes,cellular,30,apr,67,1,-1,0,unknown,no
776,28,technician,single,secondary,no,3,no,no,telephone,18,may,40,8,349,6,failure,no
2727,27,blue-collar,single,primary,no,-179,yes,no,cellular,15,may,54,2,-1,0,unknown,no
3035,55,unemployed,married,tertiary,no,4809,yes,no,cellular,21,nov,223,2,186,3,other,no
1869,44,management,married,tertiary,no,773,no,yes,cellular,9,jul,618,1,-1,0,unknown,no
2208,28,blue-collar,married,secondary,no,1325,yes,no,cellular,15,may,242,1,-1,0,unknown,no
1554,36,services,married,secondary,no,1328,yes,no,unknown,6,jun,82,4,-1,0,unknown,no
907,40,management,married,tertiary,no,60,no,no,unknown,16,jun,172,6,-1,0,unknown,no
2292,45,technician,single,tertiary,no,2087,no,no,cellular,29,aug,29,14,-1,0,unknown,no
893,49,management,single,secondary,no,61,yes,no,cellular,29,jan,185,2,246,1,failure,no
3679,31,services,married,secondary,no,-230,yes,yes,cellular,16,jul,715,1,-1,0,unknown,no
1186,71,technician,married,tertiary,no,383,no,no,cellular,27,oct,327,2,183,3,success,no
3258,38,services,married,secondary,no,0,yes,no,telephone,28,jul,121,2,-1,0,unknown,no
1074,28,technician,divorced,tertiary,no,594,yes,yes,unknown,18,jun,54,3,-1,0,unknown,no
191,33,self-employed,married,secondary,no,215,yes,no,cellular,29,jul,543,12,-1,0,unknown,no
1047,27,blue-collar,married,secondary,no,872,yes,no,cellular,17,apr,1130,3,-1,0,unknown,no
2932,28,management,single,tertiary,no,1351,no,no,cellular,10,dec,267,1,-1,0,unknown,no
3981,43,blue-collar,single,secondary,no,24,no,no,cellular,12,may,68,1,363,1,failure,no
3364,40,self-employed,divorced,secondary,no,1876,no,yes,unknown,20,jun,269,1,-1,0,unknown,no
4005,55,blue-collar,married,primary,no,1086,yes,no,cellular,6,may,146,1,272,2,failure,no
1501,46,technician,married,secondary,no,57,no,no,unknown,28,may,796,1,-1,0,unknown,yes
3901,52,admin.,married,secondary,no,395,yes,no,unknown,15,may,391,3,-1,0,unknown,no
4024,48,blue-collar,single,tertiary,no,2330,yes,no,unknown,4,jun,15,1,-1,0,unknown,no
1427,49,self-employed,married,secondary,no,358,yes,yes,unknown,13,may,176,3,-1,0,unknown,no
4364,63,retired,divorced,secondary,no,1490,no,no,cellular,8,jun,506,1,-1,0,unknown,yes
2487,31,unknown,divorced,tertiary,no,137,no,no,cellular,22,aug,385,9,-1,0,unknown,no
2985,34,technician,single,secondary,no,16,no,no,cellular,13,aug,990,1,-1,0,unknown,yes
2910,55,services,married,secondary,no,96,no,no,telephone,30,jul,340,2,-1,0,unknown,no
69,32,technician,single,tertiary,no,360,no,no,cellular,19,nov,164,2,-1,0,unknown,no
3239,52,blue-collar,married,secondary,no,2087,yes,no,cellular,31,aug,267,1,474,1,failure,yes
1264,54,unemployed,married,primary,no,541,yes,no,cellular,3,feb,237,3,-1,0,unknown,no
1426,38,entrepreneur,married,secondary,no,157,no,yes,cellular,15,may,57,11,366,1,other,no
2531,67,retired,married,unknown,no,696,no,no,telephone,4,may,77,2,-1,0,unknown,no
2647,52,management,married,tertiary,no,575,no,no,unknown,3,jun,315,1,-1,0,unknown,no
3340,49,entrepreneur,married,primary,no,199,no,no,unknown,13,may,113,2,-1,0,unknown,no
683,30,technician,single,tertiary,no,985,yes,no,cellular,19,feb,88,2,-1,0,unknown,no
2677,60,retired,married,primary,no,0,no,no,telephone,30,jul,130,3,-1,0,unknown,no
3725,49,unemployed,married,primary,no,-384,yes,no,unknown,27,may,25,1,-1,0,unknown,no
166,78,housemaid,married,secondary,no,499,no,no,telephone,16,mar,80,4,-1,0,unknown,no
2303,43,admin.,married,unknown,no,3485,no,no,unknown,18,jun,113,1,-1,0,unknown,no
1173,34,technician,single,secondary,no,2729,yes,no,cellular,6,apr,945,1,139,1,success,no
677,52,blue-collar,married,secondary,no,60,no,yes,cellular,26,aug,196,2,-1,0,unknown,no
3947,48,blue-collar,married,secondary,no,-19,no,yes,unknown,4,jul,270,1,-1,0,unknown,no
1437,77,retired,married,tertiary,no,0,no,no,cellular,16,oct,847,1,60,1,success,yes
3701,51,management,married,tertiary,no,5108,yes,no,cellular,8,oct,272,1,102,8,other,no
95,41,unknown,single,tertiary,no,1567,no,no,cellular,1,jul,291,2,-1,0,unknown,no
3542,36,services,married,secondary,no,1746,yes,no,unknown,26,may,99,1,-1,0,unknown,no
2191,48,management,married,tertiary,no,363,no,no,cellular,18,nov,67,1,-1,0,unknown,no
3106,27,services,divorced,secondary,no,10,yes,no,cellular,22,jul,527,1,-1,0,unknown,no
3115,39,self-employed,married,tertiary,no,585,yes,no,cellular,18,nov,48,1,181,3,failure,no
80,27,admin.,divorced,secondary,no,451,yes,no,cellular,16,jul,652,1,-1,0,unknown,yes
1565,45,unemployed,divorced,secondary,no,728,yes,yes,cellular,18,nov,107,1,-1,0,unknown,no
764,28,services,married,secondary,no,0,yes,no,cellular,5,may,335,2,281,8,failure,no
152,45,unemployed,divorced,primary,yes,-249,yes,yes,unknown,1,jul,92,1,-1,0,unknown,no
1116,28,management,married,tertiary,no,318,yes,no,unknown,27,may,4,4,-1,0,unknown,no
2998,32,management,single,tertiary,no,2343,no,no,cellular,18,jul,226,1,-1,0,unknown,no
960,52,technician,married,secondary,no,196,yes,yes,cellular,24,feb,116,1,273,3,failure,no
1084,26,services,divorced,secondary,no,74,yes,no,unknown,23,may,106,6,-1,0,unknown,no
1106,35,blue-collar,married,secondary,no,137,no,yes,unknown,4,oct,5,1,808,12,failure,no
2357,30,student,single,secondary,no,4,no,no,cellular,4,feb,443,2,-1,0,unknown,no
1268,30,admin.,married,secondary,no,0,no,no,cellular,15,jul,127,5,-1,0,unknown,no
1029,32,technician,married,secondary,no,266,yes,no,cellular,19,aug,168,2,-1,0,unknown,no
2451,57,admin.,married,secondary,no,3927,no,no,cellular,13,oct,61,1,-1,0,unknown,no
3375,50,blue-collar,married,unknown,no,452,no,no,cellular,20,aug,181,2,-1,0,unknown,no
3032,32,technician,divorced,secondary,no,-399,yes,no,unknown,2,jun,180,1,-1,0,unknown,no
4485,53,blue-collar,married,primary,no,238,yes,no,cellular,11,may,238,2,361,5,failure,no
309,38,admin.,married,tertiary,no,605,no,no,cellular,18,nov,147,2,-1,0,unknown,no
2384,32,management,married,tertiary,no,62,yes,no,cellular,14,may,166,1,-1,0,unknown,no
1746,51,management,single,tertiary,no,2139,no,no,cellular,17,nov,176,2,-1,0,unknown,no
2295,34,services,married,secondary,no,0,no,yes,unknown,2,jul,193,4,-1,0,unknown,no
2254,48,unemployed,married,tertiary,no,-471,yes,no,unknown,19,may,668,7,-1,0,unknown,no
3282,45,admin.,married,secondary,no,295,yes,no,cellular,23,jul,92,1,-1,0,unknown,no
1839,32,blue-collar,married,primary,no,103,no,no,cellular,23,jul,312,1,-1,0,unknown,no
1800,44,entrepreneur,married,tertiary,no,0,yes,no,unknown,9,jul,300,1,-1,0,unknown,no
1344,28,management,single,secondary,no,171,no,no,cellular,10,mar,93,1,-1,0,unknown,yes
184,34,services,married,secondary,no,-62,yes,no,unknown,16,jun,109,3,-1,0,unknown,no
205,45,technician,single,tertiary,no,0,yes,no,cellular,18,nov,139,2,-1,0,unknown,no
410,49,management,married,tertiary,no,322,no,no,cellular,6,aug,72,4,-1,0,unknown,no
2740,26,unemployed,single,secondary,no,461,no,no,cellular,28,jan,214,1,-1,0,unknown,no
2211,55,management,divorced,tertiary,no,1598,no,no,cellular,22,aug,607,4,-1,0,unknown,no
3025,38,management,single,tertiary,no,16957,yes,no,telephone,29,jan,208,1,247,2,failure,no
305,56,technician,married,secondary,no,205,no,yes,cellular,23,jul,442,2,-1,0,unknown,no
3657,56,admin.,divorced,secondary,no,3337,yes,no,telephone,17,nov,99,3,-1,0,unknown,no
168,48,technician,married,tertiary,no,310,no,no,unknown,6,may,135,1,-1,0,unknown,no
4492,32,technician,single,secondary,no,309,yes,yes,cellular,16,apr,346,1,234,3,failure,no
1962,25,unemployed,single,tertiary,no,343,no,no,cellular,1,jun,377,1,-1,0,unknown,yes
4360,33,management,married,tertiary,no,296,no,no,cellular,16,jul,90,2,-1,0,unknown,no
2245,45,technician,married,secondary,no,115,yes,no,cellular,6,may,108,1,-1,0,unknown,no
1738,44,management,divorced,tertiary,no,2058,no,yes,cellular,21,nov,661,1,-1,0,unknown,no
1995,38,admin.,single,secondary,no,-23,no,no,cellular,20,nov,48,2,-1,0,unknown,no
211,25,blue-collar,single,secondary,no,-350,yes,no,unknown,23,jun,95,3,-1,0,unknown,no
2662,49,admin.,single,secondary,no,981,yes,no,telephone,21,nov,10,3,-1,0,unknown,no
84,37,management,married,tertiary,no,1315,no,no,cellular,30,jun,224,1,-1,0,unknown,yes
4482,46,admin.,married,secondary,no,466,yes,no,cellular,29,jan,169,1,-1,0,unknown,no
1360,31,technician,single,secondary,no,1014,yes,no,cellular,23,jul,158,4,-1,0,unknown,no
915,33,management,married,secondary,no,4040,yes,no,cellular,20,apr,132,2,-1,0,unknown,no
2499,37,management,married,tertiary,no,5355,no,no,telephone,17,feb,466,4,-1,0,unknown,yes
3858,37,admin.,married,secondary,no,-107,yes,no,unknown,28,may,158,2,-1,0,unknown,no
3344,30,blue-collar,single,primary,no,395,no,no,cellular,21,nov,429,1,-1,0,unknown,no
2402,56,management,married,primary,no,772,yes,no,telephone,20,nov,291,1,-1,0,unknown,no
1534,54,management,divorced,tertiary,no,2171,yes,yes,telephone,18,nov,1034,1,-1,0,unknown,yes
2627,33,technician,married,secondary,no,181,yes,yes,telephone,28,jul,265,2,-1,0,unknown,no
180,28,technician,single,tertiary,no,172,yes,yes,cellular,2,feb,194,2,-1,0,unknown,no
3599,59,blue-collar,married,primary,no,2814,no,no,unknown,20,jun,81,3,-1,0,unknown,no
432,34,technician,single,tertiary,no,228,yes,no,cellular,22,jul,387,4,-1,0,unknown,no
289,34,admin.,married,tertiary,no,69,no,yes,cellular,4,aug,120,3,1,6,success,yes
3592,39,services,married,secondary,no,0,yes,no,unknown,20,may,793,2,-1,0,unknown,no
3814,40,admin.,single,secondary,no,263,yes,no,unknown,6,may,231,1,-1,0,unknown,no
2495,38,self-employed,single,tertiary,no,917,yes,no,unknown,23,may,260,1,-1,0,unknown,no
2415,42,management,married,tertiary,no,251,no,no,cellular,20,aug,413,2,-1,0,unknown,no
188,36,technician,married,secondary,no,23,yes,no,cellular,8,may,152,2,347,1,failure,no
2813,47,technician,married,secondary,no,1990,yes,yes,cellular,25,aug,108,4,-1,0,unknown,no
1370,53,technician,divorced,secondary,no,751,yes,no,unknown,16,may,343,4,-1,0,unknown,no
279,51,blue-collar,divorced,primary,no,37,yes,no,cellular,13,may,341,1,-1,0,unknown,no
366,38,technician,single,secondary,no,0,yes,no,cellular,7,apr,196,2,-1,0,unknown,no
2310,57,management,married,tertiary,no,320,no,no,cellular,7,aug,76,2,-1,0,unknown,no
270,40,services,married,secondary,no,0,yes,no,cellular,2,jun,297,1,28,3,failure,no
3341,53,admin.,married,secondary,no,459,no,no,cellular,5,apr,558,1,-1,0,unknown,yes
4501,34,management,married,tertiary,no,297,yes,no,cellular,26,aug,63,4,-1,0,unknown,no
1419,34,management,single,tertiary,no,1171,yes,no,cellular,10,jul,129,1,-1,0,unknown,no
871,31,housemaid,single,primary,no,26965,no,no,cellular,21,apr,654,2,-1,0,unknown,yes
4300,59,retired,married,primary,no,0,no,no,cellular,5,jun,493,2,-1,0,unknown,yes
1113,50,technician,single,secondary,no,3897,no,no,cellular,26,oct,298,1,-1,0,unknown,no
367,32,management,single,tertiary,no,8436,yes,no,cellular,17,apr,245,1,149,2,failure,no
1718,37,blue-collar,married,primary,no,704,no,no,unknown,18,jun,165,7,-1,0,unknown,no
220,53,retired,married,tertiary,no,-22,yes,no,cellular,31,jul,20,3,-1,0,unknown,no
4069,45,services,divorced,secondary,no,-179,no,no,unknown,3,jul,155,2,-1,0,unknown,no
2218,58,blue-collar,married,primary,no,0,yes,no,cellular,31,jul,5,25,-1,0,unknown,no
3207,54,management,married,tertiary,no,2819,no,no,cellular,7,aug,123,3,-1,0,unknown,no
2441,36,admin.,married,secondary,no,957,yes,no,unknown,21,may,206,1,-1,0,unknown,no
461,50,blue-collar,married,secondary,no,283,yes,no,cellular,7,aug,226,3,-1,0,unknown,no
4291,36,services,married,secondary,no,895,yes,yes,unknown,4,jun,622,1,-1,0,unknown,no
551,34,technician,married,secondary,no,-228,yes,no,cellular,20,apr,187,3,332,3,other,no
2765,53,retired,married,secondary,no,6095,yes,yes,cellular,14,may,410,5,-1,0,unknown,no
1309,31,management,married,secondary,no,625,yes,no,cellular,7,apr,424,1,138,1,failure,no
2978,34,management,single,tertiary,no,178,yes,no,cellular,15,may,14,2,-1,0,unknown,no
2486,50,unknown,married,unknown,no,558,no,no,cellular,9,jul,464,1,683,6,failure,yes
4058,41,admin.,married,secondary,no,0,no,no,unknown,20,jun,89,1,-1,0,unknown,no
402,27,blue-collar,single,secondary,no,148,no,no,cellular,22,jul,203,1,-1,0,unknown,no
4353,30,admin.,married,tertiary,no,400,yes,no,cellular,7,may,223,1,-1,0,unknown,no
1551,33,blue-collar,married,primary,no,245,yes,yes,cellular,8,may,253,3,-1,0,unknown,no
4311,46,admin.,single,secondary,no,1790,yes,no,unknown,5,jun,214,5,-1,0,unknown,no
2550,41,management,married,tertiary,no,251,no,yes,unknown,6,jun,85,3,-1,0,unknown,no
3409,48,blue-collar,single,primary,no,316,no,no,unknown,5,jun,560,2,-1,0,unknown,no
1767,51,management,single,tertiary,no,297,yes,no,cellular,15,may,415,4,375,1,failure,yes
790,34,management,single,tertiary,no,4348,yes,no,cellular,28,aug,373,8,-1,0,unknown,no
994,59,housemaid,married,primary,no,0,no,no,cellular,27,aug,76,11,-1,0,unknown,no
192,30,management,single,tertiary,no,1372,no,no,cellular,20,nov,240,2,-1,0,unknown,no
3078,36,blue-collar,married,secondary,no,1587,yes,no,cellular,28,jul,200,2,-1,0,unknown,no
2697,25,management,single,tertiary,no,2506,no,no,cellular,17,feb,485,1,-1,0,unknown,yes
314,25,admin.,single,tertiary,no,760,yes,no,cellular,27,may,223,3,89,2,failure,yes
2226,39,entrepreneur,married,tertiary,no,83,yes,no,cellular,11,jul,193,2,-1,0,unknown,no
2694,39,management,married,tertiary,no,399,no,no,cellular,9,apr,504,1,-1,0,unknown,no
3209,50,services,married,secondary,no,60,no,yes,cellular,27,aug,151,8,-1,0,unknown,no
4402,41,entrepreneur,married,primary,no,39,yes,no,cellular,21,nov,549,2,-1,0,unknown,yes
113,33,blue-collar,single,secondary,no,22,no,no,cellular,30,jan,76,2,207,1,failure,no
3610,36,technician,divorced,secondary,no,-435,yes,no,unknown,2,jun,85,8,-1,0,unknown,no
1627,31,blue-collar,married,secondary,no,897,yes,no,unknown,20,may,26,2,-1,0,unknown,no
4023,43,unemployed,married,secondary,no,3529,no,no,cellular,5,feb,169,2,-1,0,unknown,no
1119,28,management,single,tertiary,no,4937,yes,no,telephone,13,may,421,3,-1,0,unknown,no
705,35,self-employed,divorced,tertiary,no,1354,yes,no,unknown,23,may,736,2,-1,0,unknown,yes
4452,35,technician,married,secondary,no,2189,no,no,cellular,19,nov,256,3,-1,0,unknown,no
3559,36,admin.,single,secondary,no,319,yes,no,cellular,18,may,120,2,-1,0,unknown,no
1954,49,retired,married,primary,no,-37,no,no,unknown,4,jul,191,2,-1,0,unknown,no
3704,36,blue-collar,married,secondary,no,199,yes,no,cellular,9,jul,183,1,-1,0,unknown,no
2629,56,unemployed,divorced,primary,no,1770,no,no,cellular,5,feb,916,3,-1,0,unknown,no
2456,59,technician,married,primary,no,3163,yes,no,unknown,29,may,240,2,-1,0,unknown,no
4446,22,student,single,secondary,no,246,yes,no,telephone,12,may,25,1,-1,0,unknown,no
2184,32,management,married,tertiary,no,3107,yes,yes,cellular,25,jul,310,1,-1,0,unknown,no
1728,36,blue-collar,married,unknown,no,6,no,no,unknown,20,jun,41,7,-1,0,unknown,no
2584,31,management,married,tertiary,no,2395,no,no,cellular,27,apr,218,1,-1,0,unknown,no
1164,40,self-employed,single,tertiary,no,2893,no,no,cellular,2,jun,76,3,-1,0,unknown,no
4357,38,blue-collar,married,secondary,no,213,yes,no,unknown,16,jun,270,15,-1,0,unknown,no
1129,36,management,single,tertiary,no,243,yes,no,cellular,7,may,160,2,360,3,failure,no
2266,55,admin.,married,secondary,no,0,no,no,cellular,23,sep,180,2,238,3,success,no
3936,34,management,married,tertiary,no,3050,yes,no,cellular,13,may,469,1,-1,0,unknown,yes
3085,60,self-employed,single,secondary,no,27,no,no,cellular,22,aug,40,2,-1,0,unknown,no
4046,39,self-employed,single,tertiary,no,3972,no,no,cellular,30,jul,122,3,-1,0,unknown,no
2355,30,services,married,secondary,no,1286,yes,yes,cellular,17,jul,544,1,-1,0,unknown,no
2462,30,services,married,tertiary,no,1380,yes,no,unknown,21,may,294,2,-1,0,unknown,no
450,35,technician,married,secondary,no,4508,yes,no,cellular,18,nov,854,1,-1,0,unknown,yes
4495,48,management,married,tertiary,no,1175,yes,no,telephone,18,nov,1476,3,-1,0,unknown,no
4249,35,admin.,married,tertiary,no,1145,yes,no,cellular,2,feb,82,2,-1,0,unknown,no
4330,40,management,single,tertiary,no,36,yes,no,unknown,27,may,240,3,-1,0,unknown,no
602,50,blue-collar,married,primary,no,12519,yes,no,cellular,17,apr,146,2,147,4,success,no
3425,26,management,single,tertiary,no,1177,no,no,cellular,19,oct,116,1,-1,0,unknown,no
3003,33,management,single,tertiary,no,23,no,no,cellular,20,aug,216,3,-1,0,unknown,no
4148,55,entrepreneur,divorced,secondary,no,538,yes,no,cellular,7,aug,353,2,-1,0,unknown,yes
1210,60,admin.,divorced,secondary,no,174,yes,no,cellular,15,may,241,1,364,1,failure,no
1988,56,admin.,divorced,secondary,no,985,no,yes,cellular,18,aug,150,2,-1,0,unknown,no
254,46,blue-collar,married,primary,no,222,no,no,cellular,8,aug,71,2,-1,0,unknown,no
4268,39,services,married,secondary,no,0,yes,no,cellular,8,may,503,1,-1,0,unknown,no
511,32,management,married,tertiary,no,820,yes,no,cellular,17,jul,738,3,-1,0,unknown,no
1157,55,blue-collar,married,unknown,no,23,no,no,cellular,13,aug,123,2,-1,0,unknown,no
2478,50,admin.,divorced,secondary,no,769,no,no,cellular,28,jul,72,2,363,4,failure,no
73,41,services,married,tertiary,no,412,yes,no,unknown,3,jun,154,5,-1,0,unknown,no
1618,50,blue-collar,married,primary,no,8139,yes,no,cellular,18,aug,256,6,-1,0,unknown,no
2097,52,management,divorced,tertiary,no,50,yes,no,unknown,12,jun,84,3,-1,0,unknown,no
896,31,technician,single,secondary,yes,25,no,no,cellular,2,feb,381,1,-1,0,unknown,no
2493,31,technician,single,secondary,no,40,no,no,cellular,7,aug,123,2,-1,0,unknown,no
1056,63,entrepreneur,married,secondary,no,3904,no,no,telephone,4,aug,250,2,187,2,success,yes
599,43,technician,divorced,secondary,no,1413,yes,no,telephone,28,jul,75,3,-1,0,unknown,no
2585,60,management,married,primary,no,4895,no,no,unknown,9,jun,313,1,-1,0,unknown,no
4217,38,unemployed,married,tertiary,no,2812,yes,no,cellular,30,apr,830,1,-1,0,unknown,yes
3168,59,admin.,married,secondary,no,2381,no,no,cellular,30,apr,173,2,-1,0,unknown,no
3705,43,management,married,tertiary,no,489,yes,no,cellular,8,may,130,1,172,2,other,no
426,36,blue-collar,married,primary,no,973,yes,yes,unknown,23,may,293,1,-1,0,unknown,no
1512,27,admin.,single,secondary,no,3638,no,no,cellular,11,jul,271,5,-1,0,unknown,no
494,44,technician,single,secondary,no,244,yes,no,cellular,12,aug,1735,4,-1,0,unknown,yes
351,35,management,married,tertiary,yes,32,yes,no,cellular,21,nov,180,1,-1,0,unknown,no
2575,45,blue-collar,married,secondary,no,827,yes,no,unknown,15,may,319,5,-1,0,unknown,no
3093,53,entrepreneur,married,tertiary,no,71,no,yes,cellular,29,jan,86,1,-1,0,unknown,no
862,41,admin.,single,secondary,no,1020,yes,no,unknown,19,may,882,1,-1,0,unknown,yes
1180,31,technician,married,tertiary,no,636,yes,no,cellular,4,may,352,4,-1,0,unknown,yes
1606,41,blue-collar,single,unknown,no,4684,no,no,unknown,20,jun,30,6,-1,0,unknown,no
1580,38,blue-collar,married,primary,no,0,yes,no,unknown,3,jun,179,2,-1,0,unknown,no
3810,40,blue-collar,married,primary,no,3658,yes,no,unknown,14,may,977,1,-1,0,unknown,no
3669,42,admin.,single,secondary,no,30,yes,no,cellular,4,feb,98,1,266,3,failure,no
2452,42,management,divorced,tertiary,no,401,yes,no,cellular,24,jul,217,9,-1,0,unknown,no
4428,48,blue-collar,married,unknown,no,439,yes,no,cellular,2,feb,212,1,249,2,other,no
2844,46,admin.,married,secondary,no,120,yes,no,unknown,14,may,20,11,-1,0,unknown,no
2990,56,blue-collar,married,primary,no,828,yes,no,cellular,14,may,214,1,349,1,failure,no
787,50,blue-collar,married,primary,no,3924,yes,no,cellular,20,apr,122,2,-1,0,unknown,no
720,48,entrepreneur,married,tertiary,no,810,no,no,unknown,6,jun,383,1,-1,0,unknown,no
1034,36,admin.,married,unknown,no,2323,no,no,cellular,19,nov,111,1,-1,0,unknown,no
4060,34,admin.,single,secondary,no,296,no,no,cellular,7,jul,147,4,-1,0,unknown,no
3280,60,blue-collar,married,unknown,no,104,yes,no,unknown,5,may,22,1,-1,0,unknown,no
2250,50,management,married,tertiary,no,207,yes,no,cellular,4,feb,99,1,-1,0,unknown,no
1650,36,admin.,divorced,secondary,no,356,yes,no,cellular,7,apr,244,3,313,1,failure,no
4027,45,technician,married,tertiary,no,265,no,no,cellular,28,aug,14,3,-1,0,unknown,no
1649,37,services,single,secondary,no,608,no,no,cellular,14,may,380,3,-1,0,unknown,no
356,46,services,married,secondary,no,271,yes,no,unknown,16,may,134,4,-1,0,unknown,no
4093,69,retired,single,tertiary,no,2144,no,no,cellular,29,jul,417,1,184,4,success,yes
3178,35,admin.,married,secondary,no,786,no,yes,cellular,25,jul,322,1,-1,0,unknown,no
2442,45,technician,married,secondary,no,118,yes,no,unknown,7,may,208,2,-1,0,unknown,no
1163,35,unemployed,married,secondary,no,977,yes,no,cellular,4,may,52,4,91,1,other,no
3464,33,self-employed,single,secondary,no,238,yes,yes,cellular,5,feb,45,5,-1,0,unknown,no
1253,54,entrepreneur,married,secondary,no,653,yes,no,unknown,15,may,352,1,-1,0,unknown,no
2005,51,unemployed,married,secondary,no,-13,yes,no,cellular,13,may,361,1,364,1,failure,no
1334,32,management,single,tertiary,no,311,no,no,unknown,12,may,757,2,-1,0,unknown,yes
2918,29,admin.,single,tertiary,no,14,no,no,cellular,29,sep,87,1,120,1,failure,no
3299,38,management,single,tertiary,no,427,yes,no,cellular,6,may,17,3,169,2,failure,no
680,28,admin.,single,unknown,no,174,no,no,cellular,28,sep,184,1,-1,0,unknown,no
2530,33,management,single,tertiary,no,0,no,no,cellular,19,aug,53,4,-1,0,unknown,no
1783,38,management,married,tertiary,no,0,yes,no,unknown,20,may,206,1,-1,0,unknown,no
1018,55,retired,married,secondary,no,466,no,no,unknown,17,jun,287,4,-1,0,unknown,no
4241,30,technician,single,tertiary,no,411,no,no,cellular,21,apr,142,1,-1,0,unknown,no
4343,51,blue-collar,married,primary,no,40,yes,no,cellular,13,may,79,1,370,1,failure,no
332,34,admin.,married,secondary,no,244,yes,no,cellular,31,jul,56,4,-1,0,unknown,no
1094,32,technician,single,tertiary,no,1012,no,no,cellular,14,apr,178,1,-1,0,unknown,no
4266,26,services,single,secondary,no,1700,yes,no,cellular,7,may,13,5,-1,0,unknown,no
2789,33,admin.,single,tertiary,no,621,no,no,cellular,8,jul,217,1,-1,0,unknown,no
2521,46,unemployed,married,secondary,no,3533,yes,no,cellular,12,aug,235,2,-1,0,unknown,no
3015,35,management,married,tertiary,no,0,no,no,cellular,11,jul,89,1,-1,0,unknown,no
1815,58,technician,married,secondary,no,175,no,no,cellular,12,aug,92,4,-1,0,unknown,no
3519,54,technician,married,secondary,no,0,no,no,telephone,14,aug,159,2,106,6,success,no
2439,28,blue-collar,married,secondary,no,64,yes,no,unknown,13,may,160,3,-1,0,unknown,no
3873,50,management,married,unknown,no,3304,no,no,unknown,5,jun,1009,2,-1,0,unknown,no
4273,40,management,married,secondary,no,99,no,no,cellular,9,feb,15,5,-1,0,unknown,no
3189,54,blue-collar,married,primary,no,2281,yes,no,unknown,20,jun,158,1,-1,0,unknown,no
4341,33,technician,divorced,secondary,no,0,no,no,cellular,21,aug,224,8,-1,0,unknown,no
2685,45,admin.,divorced,secondary,no,0,no,no,cellular,29,oct,264,1,-1,0,unknown,yes
589,43,blue-collar,married,secondary,no,105,no,yes,cellular,4,jul,668,2,-1,0,unknown,no
3198,60,management,married,tertiary,no,759,no,no,cellular,14,aug,136,2,-1,0,unknown,no
445,24,blue-collar,married,secondary,no,1222,yes,no,cellular,20,apr,369,1,-1,0,unknown,no
2809,57,retired,married,primary,no,75,no,no,cellular,28,aug,118,2,-1,0,unknown,no
1490,26,admin.,single,secondary,no,443,no,no,cellular,30,jul,84,3,-1,0,unknown,no
1027,41,housemaid,single,secondary,no,231,no,no,cellular,9,jul,76,2,-1,0,unknown,no
1024,36,blue-collar,married,secondary,no,2357,yes,no,unknown,17,jun,228,2,-1,0,unknown,no
452,27,technician,married,secondary,no,1577,yes,yes,unknown,28,may,266,2,-1,0,unknown,no
3102,61,retired,married,secondary,no,313,no,yes,unknown,3,jul,42,1,-1,0,unknown,no
2329,38,blue-collar,divorced,secondary,no,595,yes,no,cellular,7,may,245,3,-1,0,unknown,no
1212,36,management,single,tertiary,no,490,no,no,cellular,28,aug,207,8,98,1,failure,yes
1374,45,self-employed,married,secondary,no,706,no,no,cellular,30,apr,78,2,176,1,success,no
4439,28,student,single,secondary,no,330,no,no,telephone,2,feb,197,1,-1,0,unknown,no
14,31,blue-collar,married,secondary,no,360,yes,yes,cellular,29,jan,89,1,241,1,failure,no
4370,57,blue-collar,married,primary,no,5431,yes,yes,unknown,6,may,383,1,-1,0,unknown,no
2168,40,services,married,secondary,no,1836,yes,no,cellular,12,may,750,2,-1,0,unknown,yes
2589,45,entrepreneur,divorced,tertiary,no,1273,yes,yes,unknown,11,jun,197,3,-1,0,unknown,no
1966,44,blue-collar,married,primary,no,10,yes,no,cellular,17,jul,196,1,-1,0,unknown,no
4043,39,services,divorced,secondary,no,282,yes,no,cellular,17,jul,243,1,-1,0,unknown,no
1971,32,management,married,secondary,no,6217,yes,yes,unknown,21,may,486,2,-1,0,unknown,no
360,36,management,single,tertiary,no,339,no,no,cellular,21,nov,6,6,-1,0,unknown,no
1743,51,self-employed,married,secondary,yes,34,no,yes,cellular,7,jul,200,1,-1,0,unknown,no
4215,37,unemployed,married,secondary,no,1978,no,no,cellular,9,sep,404,1,182,1,success,yes
1366,36,management,married,tertiary,no,-296,yes,no,cellular,14,may,113,3,-1,0,unknown,no
2119,31,unemployed,married,tertiary,no,591,no,no,cellular,21,nov,161,2,-1,0,unknown,no
1807,31,management,married,tertiary,no,6290,no,no,cellular,20,nov,303,2,-1,0,unknown,no
811,45,services,divorced,secondary,no,88,no,yes,cellular,7,jul,332,1,-1,0,unknown,no
1904,28,student,single,tertiary,no,0,no,no,cellular,28,sep,294,2,105,7,other,yes
3293,59,management,divorced,primary,no,133,yes,no,cellular,9,jul,206,1,-1,0,unknown,no
568,59,unemployed,married,primary,no,0,no,no,cellular,30,jan,3025,2,-1,0,unknown,no
3761,41,admin.,single,secondary,no,400,yes,no,unknown,4,jun,99,6,-1,0,unknown,no
3150,53,technician,married,secondary,no,9146,no,no,cellular,13,aug,136,4,-1,0,unknown,no
3608,44,management,married,tertiary,no,13893,no,no,unknown,11,jun,29,2,-1,0,unknown,no
889,36,management,married,tertiary,no,9269,yes,yes,cellular,19,nov,107,2,-1,0,unknown,no
4419,26,technician,single,tertiary,no,75,yes,yes,unknown,19,may,351,1,-1,0,unknown,no
2683,33,housemaid,married,primary,no,212,yes,no,cellular,11,jul,260,2,-1,0,unknown,no
3550,42,housemaid,single,primary,no,5774,yes,no,unknown,15,may,54,2,-1,0,unknown,no
490,52,blue-collar,married,unknown,no,826,yes,no,unknown,15,may,468,2,-1,0,unknown,no
807,48,blue-collar,married,secondary,no,-202,yes,yes,cellular,30,jul,225,4,-1,0,unknown,no
2725,32,technician,married,secondary,no,687,no,no,cellular,20,aug,161,4,-1,0,unknown,no
3456,35,self-employed,married,secondary,no,670,no,no,cellular,9,jul,378,1,-1,0,unknown,no
4404,31,management,married,tertiary,no,4945,no,no,cellular,11,aug,445,1,-1,0,unknown,no
1745,57,blue-collar,married,primary,no,282,no,yes,cellular,7,jul,261,12,-1,0,unknown,no
2024,42,self-employed,divorced,tertiary,no,216,yes,no,cellular,8,may,144,3,-1,0,unknown,no
3860,40,services,married,secondary,no,51,yes,no,cellular,11,may,50,1,-1,0,unknown,no
3071,34,technician,single,secondary,no,347,yes,no,cellular,6,feb,154,2,197,6,failure,no
4143,42,self-employed,married,tertiary,no,753,no,no,unknown,17,jun,31,1,-1,0,unknown,no
506,52,self-employed,single,primary,no,217,no,yes,cellular,15,jul,193,6,-1,0,unknown,no
393,35,technician,married,secondary,no,0,no,no,cellular,27,aug,106,4,-1,0,unknown,no
1522,39,entrepreneur,married,primary,no,238,yes,yes,cellular,19,nov,134,1,-1,0,unknown,no
3961,34,admin.,single,tertiary,no,18,yes,yes,cellular,30,apr,359,1,-1,0,unknown,yes
2042,43,blue-collar,married,secondary,no,625,yes,no,unknown,30,sep,175,1,-1,0,unknown,no
4205,44,services,divorced,secondary,no,0,yes,yes,unknown,13,may,97,1,-1,0,unknown,no
1756,32,management,married,tertiary,no,-55,yes,no,cellular,26,aug,107,4,-1,0,unknown,no
3724,37,housemaid,divorced,secondary,no,1040,yes,no,cellular,13,may,199,1,173,2,failure,no
2672,39,services,married,secondary,no,-540,no,no,unknown,6,jun,29,1,-1,0,unknown,no
3951,50,technician,single,secondary,no,246,yes,no,cellular,17,nov,270,1,123,2,failure,no
2594,48,admin.,married,secondary,no,292,yes,yes,cellular,29,jul,164,6,-1,0,unknown,no
2092,51,services,married,secondary,no,0,no,no,cellular,18,jul,439,3,-1,0,unknown,no
2023,48,admin.,married,secondary,no,8,no,yes,cellular,7,jul,46,1,-1,0,unknown,no
4073,51,management,married,tertiary,no,176,yes,yes,unknown,1,jun,8,1,687,2,failure,no
1991,37,entrepreneur,divorced,tertiary,no,66,no,no,cellular,18,nov,1164,2,-1,0,unknown,yes
4450,53,blue-collar,married,primary,no,3316,yes,no,unknown,23,may,331,6,-1,0,unknown,no
433,43,blue-collar,married,secondary,no,130,no,no,cellular,5,may,156,1,337,3,failure,no
3727,34,technician,single,secondary,no,475,yes,no,cellular,29,jul,538,8,-1,0,unknown,no
1572,37,blue-collar,married,secondary,no,2023,yes,no,cellular,10,jul,214,1,-1,0,unknown,no
2622,30,admin.,single,secondary,no,1009,yes,no,cellular,29,jan,253,1,-1,0,unknown,no
2432,33,technician,divorced,tertiary,no,39,no,no,cellular,19,aug,123,5,-1,0,unknown,no
2555,49,unemployed,married,tertiary,no,377,no,no,cellular,22,may,158,1,59,2,failure,no
1322,38,blue-collar,married,secondary,no,2008,yes,no,cellular,18,nov,354,1,-1,0,unknown,no
2167,45,blue-collar,married,primary,no,907,no,no,cellular,18,aug,230,8,-1,0,unknown,no
2964,41,blue-collar,married,primary,no,4,no,no,cellular,23,jul,74,5,-1,0,unknown,no
3994,54,entrepreneur,married,unknown,no,1956,no,no,cellular,19,nov,221,5,-1,0,unknown,no
2227,34,management,single,tertiary,no,6766,no,no,cellular,28,aug,210,5,-1,0,unknown,no
1670,31,services,single,secondary,no,0,yes,no,unknown,28,may,231,2,-1,0,unknown,no
1780,58,management,divorced,tertiary,no,1533,no,no,unknown,15,may,137,2,-1,0,unknown,no
2804,28,admin.,single,secondary,no,775,no,no,cellular,29,jan,603,2,-1,0,unknown,no
3754,36,management,single,tertiary,no,2944,no,no,cellular,18,aug,882,8,-1,0,unknown,yes
4371,28,services,single,secondary,no,317,yes,no,unknown,16,may,21,3,-1,0,unknown,no
1867,47,technician,married,secondary,no,65,no,no,cellular,28,aug,118,8,-1,0,unknown,no
3491,47,management,married,tertiary,no,2306,no,no,telephone,6,aug,239,4,-1,0,unknown,yes
1261,30,blue-collar,married,primary,no,1,yes,yes,telephone,22,jul,80,2,-1,0,unknown,no
3487,39,entrepreneur,married,unknown,no,98,yes,no,telephone,15,may,59,3,367,1,other,no
643,39,management,married,tertiary,no,2763,yes,no,unknown,2,jun,526,2,-1,0,unknown,yes
1200,58,self-employed,married,secondary,no,1407,yes,no,unknown,30,may,58,1,-1,0,unknown,no
1375,39,technician,married,secondary,no,9121,no,no,unknown,5,jun,147,1,-1,0,unknown,no
3401,32,unemployed,single,tertiary,no,336,yes,no,unknown,8,may,139,1,-1,0,unknown,no
2665,27,student,single,tertiary,no,3733,yes,no,cellular,22,may,198,1,98,6,success,yes
3677,49,entrepreneur,married,secondary,no,167,yes,yes,unknown,6,may,198,3,-1,0,unknown,no
4066,36,services,married,secondary,no,3064,yes,no,telephone,26,aug,240,3,107,4,failure,no
3566,35,services,married,secondary,no,181,yes,no,cellular,31,jul,5,3,-1,0,unknown,no
2256,41,management,single,secondary,no,764,no,no,cellular,12,jun,230,2,-1,0,unknown,no
330,37,admin.,married,secondary,no,121,no,no,cellular,22,jul,22,6,-1,0,unknown,no
1042,30,admin.,single,secondary,no,81,yes,no,cellular,6,aug,121,6,112,3,other,no
1588,37,management,single,tertiary,no,815,yes,no,cellular,7,may,77,1,-1,0,unknown,no
1703,40,unemployed,divorced,secondary,no,507,yes,no,cellular,2,feb,134,1,266,7,failure,no
3640,34,blue-collar,married,primary,no,428,yes,no,cellular,18,may,59,2,-1,0,unknown,no
227,33,technician,married,secondary,no,359,yes,no,cellular,20,apr,210,1,242,1,other,no
2213,24,student,single,secondary,no,822,no,no,cellular,27,oct,184,1,91,2,failure,yes
2850,43,entrepreneur,married,tertiary,no,1574,yes,no,cellular,19,nov,167,3,-1,0,unknown,no
2388,35,admin.,married,secondary,no,0,yes,no,cellular,7,may,121,2,-1,0,unknown,no
3779,36,blue-collar,married,secondary,no,1409,no,no,unknown,17,jun,235,2,-1,0,unknown,no
2653,45,blue-collar,single,secondary,no,0,yes,no,cellular,26,apr,1472,1,192,4,failure,yes
4278,35,admin.,single,secondary,no,1810,yes,no,cellular,25,may,65,2,-1,0,unknown,no
2673,35,self-employed,married,tertiary,no,560,yes,no,cellular,2,apr,58,1,136,1,failure,no
2473,32,technician,married,tertiary,no,-1053,yes,no,cellular,21,jul,357,3,-1,0,unknown,no
3605,27,management,single,tertiary,no,88,no,no,cellular,4,may,143,1,-1,0,unknown,no
755,32,admin.,single,secondary,no,739,yes,no,cellular,20,nov,91,3,-1,0,unknown,no
518,34,management,married,tertiary,no,902,yes,no,cellular,14,may,159,1,367,2,other,no
4180,33,services,married,secondary,no,210,yes,yes,unknown,20,may,201,1,-1,0,unknown,no
32,59,management,married,secondary,no,42,no,no,cellular,21,nov,40,1,-1,0,unknown,no
2417,62,management,married,tertiary,no,0,no,no,cellular,13,oct,78,3,-1,0,unknown,no
1480,35,self-employed,married,tertiary,no,8647,no,no,cellular,19,nov,140,2,-1,0,unknown,no
2429,26,student,single,secondary,no,203,no,no,cellular,16,nov,104,1,196,1,failure,no
2771,58,unemployed,married,secondary,no,610,yes,no,telephone,29,jul,246,2,-1,0,unknown,no
4120,31,self-employed,single,tertiary,yes,-282,yes,no,cellular,20,nov,131,3,-1,0,unknown,no
1170,58,management,married,tertiary,no,2729,no,no,unknown,18,jun,188,1,-1,0,unknown,no
1010,23,student,single,secondary,no,8494,no,no,cellular,25,aug,158,2,-1,0,unknown,no
744,33,management,married,tertiary,no,4020,yes,yes,cellular,15,apr,251,1,-1,0,unknown,no
733,33,admin.,married,secondary,no,1158,yes,no,cellular,20,apr,25,2,-1,0,unknown,no
2534,31,housemaid,married,primary,no,25,no,no,cellular,21,aug,169,5,-1,0,unknown,no
4104,40,services,married,secondary,no,1325,no,no,unknown,11,jun,150,2,-1,0,unknown,no
3737,72,retired,married,secondary,no,4130,no,no,cellular,12,nov,427,1,-1,0,unknown,no
4431,37,blue-collar,married,primary,no,190,yes,yes,unknown,8,may,194,1,-1,0,unknown,no
4378,59,housemaid,divorced,primary,no,195,no,no,unknown,5,may,366,2,-1,0,unknown,no
794,29,blue-collar,single,secondary,no,908,yes,no,unknown,20,jun,1663,1,-1,0,unknown,yes
3867,58,management,married,tertiary,no,172,no,no,cellular,19,aug,145,7,-1,0,unknown,no
1126,77,retired,married,secondary,no,610,no,no,cellular,13,aug,766,3,-1,0,unknown,no
3164,57,technician,married,secondary,no,6164,no,no,cellular,19,nov,161,2,-1,0,unknown,no
2718,48,services,married,secondary,yes,-20,no,no,cellular,20,aug,142,2,-1,0,unknown,no
2793,54,services,married,unknown,no,7864,yes,no,unknown,15,may,145,4,-1,0,unknown,no
783,59,blue-collar,married,primary,no,179,yes,no,unknown,5,may,55,3,-1,0,unknown,no
2475,59,admin.,divorced,secondary,no,975,yes,no,unknown,15,may,263,4,-1,0,unknown,no
2080,34,services,divorced,secondary,no,44,no,no,unknown,9,jun,118,1,-1,0,unknown,no
964,53,management,divorced,primary,no,255,no,no,cellular,19,nov,126,1,-1,0,unknown,no
1228,33,admin.,married,secondary,no,4902,yes,no,cellular,20,nov,110,1,-1,0,unknown,no
229,35,technician,married,tertiary,no,0,yes,yes,cellular,23,sep,112,1,62,6,other,no
857,36,blue-collar,married,secondary,no,-461,no,no,cellular,11,may,254,2,353,1,failure,no
1073,30,management,single,tertiary,no,726,yes,no,cellular,16,apr,39,1,342,3,failure,no
3163,31,technician,single,secondary,no,373,no,no,cellular,22,aug,346,5,-1,0,unknown,no
2651,44,management,married,secondary,no,2984,yes,no,unknown,15,may,770,2,-1,0,unknown,no
408,44,management,married,secondary,no,438,yes,no,telephone,8,may,37,3,303,1,failure,no
170,42,technician,married,secondary,no,2980,no,no,unknown,20,jun,101,3,-1,0,unknown,no
3588,27,technician,single,secondary,no,842,no,no,cellular,30,jul,273,1,91,1,other,no
3501,30,management,married,tertiary,no,151,no,no,cellular,19,aug,82,4,-1,0,unknown,no
3235,32,blue-collar,single,secondary,no,53,yes,no,cellular,18,nov,276,1,195,1,failure,no
3666,32,services,married,secondary,no,38,yes,no,cellular,15,may,744,1,-1,0,unknown,yes
3692,36,blue-collar,divorced,primary,no,117,yes,no,unknown,2,jun,123,4,-1,0,unknown,no
3463,52,admin.,married,secondary,no,199,no,no,cellular,28,jan,978,2,189,1,other,no
3408,38,management,single,tertiary,no,8669,yes,no,telephone,20,apr,5,3,150,6,failure,no
2339,54,blue-collar,married,secondary,no,2059,yes,no,cellular,25,aug,177,4,-1,0,unknown,no
3372,32,management,single,tertiary,no,1160,yes,yes,unknown,11,jun,450,2,-1,0,unknown,no
1844,54,management,married,tertiary,no,8295,no,no,cellular,5,jun,207,1,-1,0,unknown,yes
4398,57,retired,married,tertiary,no,31,no,no,cellular,19,aug,260,2,-1,0,unknown,no
3484,30,management,married,secondary,no,-559,yes,yes,cellular,7,may,98,1,167,2,failure,no
4412,34,management,single,tertiary,no,2679,yes,no,cellular,7,may,195,1,-1,0,unknown,no
4315,37,admin.,married,secondary,no,749,no,no,cellular,21,apr,219,1,-1,0,unknown,no
1812,49,services,divorced,secondary,no,3250,no,no,unknown,16,jun,32,3,-1,0,unknown,no
2698,34,management,married,tertiary,no,697,no,no,cellular,5,aug,166,1,-1,0,unknown,no
676,58,management,single,tertiary,no,2,yes,no,telephone,11,may,168,3,-1,0,unknown,no
4414,26,services,single,secondary,no,256,yes,no,cellular,4,may,101,2,-1,0,unknown,no
1146,39,management,married,tertiary,no,246,no,no,cellular,11,aug,86,2,-1,0,unknown,no
2821,46,technician,divorced,secondary,no,-90,no,yes,telephone,17,oct,270,1,-1,0,unknown,yes
1038,41,management,married,tertiary,no,176,yes,yes,unknown,5,may,42,1,-1,0,unknown,no
3403,43,management,married,tertiary,no,348,no,yes,cellular,15,jul,88,3,-1,0,unknown,no
43,32,technician,married,tertiary,no,396,yes,no,cellular,13,may,205,3,-1,0,unknown,no
564,35,blue-collar,married,secondary,no,-339,yes,no,unknown,8,may,389,2,-1,0,unknown,no
2331,37,technician,single,tertiary,no,1661,no,no,cellular,19,aug,199,5,-1,0,unknown,no
4091,36,technician,married,secondary,no,2394,no,no,cellular,14,aug,184,2,-1,0,unknown,no
3589,38,management,married,unknown,no,3576,no,no,cellular,25,nov,349,2,183,1,success,yes
3128,57,blue-collar,married,primary,yes,195,no,yes,telephone,30,jul,185,4,-1,0,unknown,no
3259,52,management,married,secondary,no,428,yes,no,unknown,30,may,153,1,-1,0,unknown,no
4239,31,technician,single,secondary,no,2305,no,no,cellular,4,aug,139,1,-1,0,unknown,no
2233,24,services,married,secondary,no,4500,yes,no,cellular,11,may,733,2,-1,0,unknown,yes
